Grid Size,16
NULL,NodeType,GridX,GridY,Length,Width,Height,PosX,PosY,PosZ
1,0,0,0,0,0,0,0,0,0
1,0,0,0,0,0,0,0,0,0
1,0,0,0,0,0,0,0,0,0
0,0,3,0,8,8,0,112.0,16.0,0
1,1,0,0,0,0,0,0,0,0
1,1,0,0,0,0,0,0,0,0
1,1,0,0,0,0,0,0,0,0
1,1,0,0,0,0,0,0,0,0
1,1,0,0,0,0,0,0,0,0
0,1,4,0,8,8,0,144.0,16.0,0
0,1,4,1,8,8,0,144.0,48.0,0
1,1,0,0,0,0,0,0,0,0
0,0,4,0,8,8,0,144.0,16.0,0
1,1,0,0,0,0,0,0,0,0
0,1,3,0,8,8,0,112.0,16.0,0
1,1,0,0,0,0,0,0,0,0
1,1,0,0,0,0,0,0,0,0
1,1,0,0,0,0,0,0,0,0
0,1,5,0,8,8,0,176.0,16.0,0
0,1,5,1,8,8,0,176.0,48.0,0
0,1,4,1,8,8,0,144.0,48.0,0
0,0,5,0,8,8,0,176.0,16.0,0
0,1,4,1,8,8,0,144.0,48.0,0
0,1,4,0,8,8,0,144.0,16.0,0
1,1,0,0,0,0,0,0,0,0
1,1,0,0,0,0,0,0,0,0
1,1,0,0,0,0,0,0,0,0
0,1,6,0,8,8,0,208.0,16.0,0
0,1,6,1,8,8,0,208.0,48.0,0
0,1,5,1,8,8,0,176.0,48.0,0
0,0,6,0,8,8,0,208.0,16.0,0
0,1,5,1,8,8,0,176.0,48.0,0
0,1,5,0,8,8,0,176.0,16.0,0
1,1,0,0,0,0,0,0,0,0
1,1,0,0,0,0,0,0,0,0
1,1,0,0,0,0,0,0,0,0
0,1,7,0,8,8,0,240.0,16.0,0
0,1,7,1,8,8,0,240.0,48.0,0
0,1,6,1,8,8,0,208.0,48.0,0
0,0,7,0,8,8,0,240.0,16.0,0
0,1,6,1,8,8,0,208.0,48.0,0
0,1,6,0,8,8,0,208.0,16.0,0
1,1,0,0,0,0,0,0,0,0
1,1,0,0,0,0,0,0,0,0
1,1,0,0,0,0,0,0,0,0
0,1,8,0,8,8,0,272.0,16.0,0
0,1,8,1,8,8,0,272.0,48.0,0
0,1,7,1,8,8,0,240.0,48.0,0
0,0,8,0,8,8,0,272.0,16.0,0
0,1,7,1,8,8,0,240.0,48.0,0
0,1,7,0,8,8,0,240.0,16.0,0
1,1,0,0,0,0,0,0,0,0
1,1,0,0,0,0,0,0,0,0
1,1,0,0,0,0,0,0,0,0
0,1,9,0,8,8,0,304.0,16.0,0
0,1,9,1,8,8,0,304.0,48.0,0
0,1,8,1,8,8,0,272.0,48.0,0
0,0,9,0,8,8,0,304.0,16.0,0
0,1,8,1,8,8,0,272.0,48.0,0
0,1,8,0,8,8,0,272.0,16.0,0
1,1,0,0,0,0,0,0,0,0
1,1,0,0,0,0,0,0,0,0
1,1,0,0,0,0,0,0,0,0
0,1,10,0,8,8,0,336.0,16.0,0
0,1,10,1,8,8,0,336.0,48.0,0
0,1,9,1,8,8,0,304.0,48.0,0
0,0,10,0,8,8,0,336.0,16.0,0
0,1,9,1,8,8,0,304.0,48.0,0
0,1,9,0,8,8,0,304.0,16.0,0
1,1,0,0,0,0,0,0,0,0
1,1,0,0,0,0,0,0,0,0
1,1,0,0,0,0,0,0,0,0
0,1,11,0,8,8,0,368.0,16.0,0
0,1,11,1,8,8,0,368.0,48.0,0
0,1,10,1,8,8,0,336.0,48.0,0
0,0,11,0,8,8,0,368.0,16.0,0
0,1,10,1,8,8,0,336.0,48.0,0
0,1,10,0,8,8,0,336.0,16.0,0
1,1,0,0,0,0,0,0,0,0
1,1,0,0,0,0,0,0,0,0
1,1,0,0,0,0,0,0,0,0
0,1,12,0,8,8,0,400.0,16.0,0
0,1,12,1,8,8,0,400.0,48.0,0
0,1,11,1,8,8,0,368.0,48.0,0
0,0,12,0,8,8,0,400.0,16.0,0
0,1,11,1,8,8,0,368.0,48.0,0
0,1,11,0,8,8,0,368.0,16.0,0
1,1,0,0,0,0,0,0,0,0
1,1,0,0,0,0,0,0,0,0
1,1,0,0,0,0,0,0,0,0
0,1,13,0,8,8,0,432.0,16.0,0
0,1,13,1,8,8,0,432.0,48.0,0
0,1,12,1,8,8,0,400.0,48.0,0
0,0,13,0,8,8,0,432.0,16.0,0
0,1,12,1,8,8,0,400.0,48.0,0
0,1,12,0,8,8,0,400.0,16.0,0
1,1,0,0,0,0,0,0,0,0
1,1,0,0,0,0,0,0,0,0
1,1,0,0,0,0,0,0,0,0
0,1,14,0,8,8,0,464.0,16.0,0
0,1,14,1,8,8,0,464.0,48.0,0
0,1,13,1,8,8,0,432.0,48.0,0
0,0,14,0,8,8,0,464.0,16.0,0
0,1,13,1,8,8,0,432.0,48.0,0
0,1,13,0,8,8,0,432.0,16.0,0
1,1,0,0,0,0,0,0,0,0
1,1,0,0,0,0,0,0,0,0
1,1,0,0,0,0,0,0,0,0
0,1,15,0,8,8,0,496.0,16.0,0
0,1,15,1,8,8,0,496.0,48.0,0
0,1,14,1,8,8,0,464.0,48.0,0
0,0,15,0,8,8,0,496.0,16.0,0
0,1,14,1,8,8,0,464.0,48.0,0
0,1,14,0,8,8,0,464.0,16.0,0
1,1,0,0,0,0,0,0,0,0
1,1,0,0,0,0,0,0,0,0
1,1,0,0,0,0,0,0,0,0
1,1,0,0,0,0,0,0,0,0
1,1,0,0,0,0,0,0,0,0
0,1,15,1,8,8,0,496.0,48.0,0
1,0,0,0,0,0,0,0,0,0
1,0,0,0,0,0,0,0,0,0
1,0,0,0,0,0,0,0,0,0
1,0,0,0,0,0,0,0,0,0
0,0,4,1,8,8,0,144.0,48.0,0
0,1,3,2,8,8,0,112.0,80.0,0
1,1,0,0,0,0,0,0,0,0
0,1,3,0,8,8,0,112.0,16.0,0
0,1,4,0,8,8,0,144.0,16.0,0
0,1,5,0,8,8,0,176.0,16.0,0
0,1,5,1,8,8,0,176.0,48.0,0
0,1,5,2,8,8,0,176.0,80.0,0
0,1,4,2,8,8,0,144.0,80.0,0
0,0,5,1,8,8,0,176.0,48.0,0
0,1,4,2,8,8,0,144.0,80.0,0
0,1,4,1,8,8,0,144.0,48.0,0
0,1,4,0,8,8,0,144.0,16.0,0
0,1,5,0,8,8,0,176.0,16.0,0
0,1,6,0,8,8,0,208.0,16.0,0
0,1,6,1,8,8,0,208.0,48.0,0
0,1,6,2,8,8,0,208.0,80.0,0
0,1,5,2,8,8,0,176.0,80.0,0
0,0,6,1,8,8,0,208.0,48.0,0
0,1,5,2,8,8,0,176.0,80.0,0
0,1,5,1,8,8,0,176.0,48.0,0
0,1,5,0,8,8,0,176.0,16.0,0
0,1,6,0,8,8,0,208.0,16.0,0
0,1,7,0,8,8,0,240.0,16.0,0
0,1,7,1,8,8,0,240.0,48.0,0
0,1,7,2,8,8,0,240.0,80.0,0
0,1,6,2,8,8,0,208.0,80.0,0
0,0,7,1,8,8,0,240.0,48.0,0
0,1,6,2,8,8,0,208.0,80.0,0
0,1,6,1,8,8,0,208.0,48.0,0
0,1,6,0,8,8,0,208.0,16.0,0
0,1,7,0,8,8,0,240.0,16.0,0
0,1,8,0,8,8,0,272.0,16.0,0
0,1,8,1,8,8,0,272.0,48.0,0
0,1,8,2,8,8,0,272.0,80.0,0
0,1,7,2,8,8,0,240.0,80.0,0
0,0,8,1,8,8,0,272.0,48.0,0
0,1,7,2,8,8,0,240.0,80.0,0
0,1,7,1,8,8,0,240.0,48.0,0
0,1,7,0,8,8,0,240.0,16.0,0
0,1,8,0,8,8,0,272.0,16.0,0
0,1,9,0,8,8,0,304.0,16.0,0
0,1,9,1,8,8,0,304.0,48.0,0
0,1,9,2,8,8,0,304.0,80.0,0
0,1,8,2,8,8,0,272.0,80.0,0
0,0,9,1,8,8,0,304.0,48.0,0
0,1,8,2,8,8,0,272.0,80.0,0
0,1,8,1,8,8,0,272.0,48.0,0
0,1,8,0,8,8,0,272.0,16.0,0
0,1,9,0,8,8,0,304.0,16.0,0
0,1,10,0,8,8,0,336.0,16.0,0
0,1,10,1,8,8,0,336.0,48.0,0
0,1,10,2,8,8,0,336.0,80.0,0
0,1,9,2,8,8,0,304.0,80.0,0
0,0,10,1,8,8,0,336.0,48.0,0
0,1,9,2,8,8,0,304.0,80.0,0
0,1,9,1,8,8,0,304.0,48.0,0
0,1,9,0,8,8,0,304.0,16.0,0
0,1,10,0,8,8,0,336.0,16.0,0
0,1,11,0,8,8,0,368.0,16.0,0
0,1,11,1,8,8,0,368.0,48.0,0
0,1,11,2,8,8,0,368.0,80.0,0
0,1,10,2,8,8,0,336.0,80.0,0
0,0,11,1,8,8,0,368.0,48.0,0
0,1,10,2,8,8,0,336.0,80.0,0
0,1,10,1,8,8,0,336.0,48.0,0
0,1,10,0,8,8,0,336.0,16.0,0
0,1,11,0,8,8,0,368.0,16.0,0
0,1,12,0,8,8,0,400.0,16.0,0
0,1,12,1,8,8,0,400.0,48.0,0
0,1,12,2,8,8,0,400.0,80.0,0
0,1,11,2,8,8,0,368.0,80.0,0
0,0,12,1,8,8,0,400.0,48.0,0
0,1,11,2,8,8,0,368.0,80.0,0
0,1,11,1,8,8,0,368.0,48.0,0
0,1,11,0,8,8,0,368.0,16.0,0
0,1,12,0,8,8,0,400.0,16.0,0
0,1,13,0,8,8,0,432.0,16.0,0
0,1,13,1,8,8,0,432.0,48.0,0
0,1,13,2,8,8,0,432.0,80.0,0
0,1,12,2,8,8,0,400.0,80.0,0
0,0,13,1,8,8,0,432.0,48.0,0
0,1,12,2,8,8,0,400.0,80.0,0
0,1,12,1,8,8,0,400.0,48.0,0
0,1,12,0,8,8,0,400.0,16.0,0
0,1,13,0,8,8,0,432.0,16.0,0
0,1,14,0,8,8,0,464.0,16.0,0
0,1,14,1,8,8,0,464.0,48.0,0
0,1,14,2,8,8,0,464.0,80.0,0
0,1,13,2,8,8,0,432.0,80.0,0
0,0,14,1,8,8,0,464.0,48.0,0
0,1,13,2,8,8,0,432.0,80.0,0
0,1,13,1,8,8,0,432.0,48.0,0
0,1,13,0,8,8,0,432.0,16.0,0
0,1,14,0,8,8,0,464.0,16.0,0
0,1,15,0,8,8,0,496.0,16.0,0
0,1,15,1,8,8,0,496.0,48.0,0
0,1,15,2,8,8,0,496.0,80.0,0
0,1,14,2,8,8,0,464.0,80.0,0
0,0,15,1,8,8,0,496.0,48.0,0
0,1,14,2,8,8,0,464.0,80.0,0
0,1,14,1,8,8,0,464.0,48.0,0
0,1,14,0,8,8,0,464.0,16.0,0
0,1,15,0,8,8,0,496.0,16.0,0
1,1,0,0,0,0,0,0,0,0
1,1,0,0,0,0,0,0,0,0
1,1,0,0,0,0,0,0,0,0
0,1,15,2,8,8,0,496.0,80.0,0
1,0,0,0,0,0,0,0,0,0
1,0,0,0,0,0,0,0,0,0
1,0,0,0,0,0,0,0,0,0
0,0,3,2,8,8,0,112.0,80.0,0
0,1,2,3,8,8,0,80.0,112.0,0
1,1,0,0,0,0,0,0,0,0
1,1,0,0,0,0,0,0,0,0
1,1,0,0,0,0,0,0,0,0
0,1,4,1,8,8,0,144.0,48.0,0
0,1,4,2,8,8,0,144.0,80.0,0
0,1,4,3,8,8,0,144.0,112.0,0
0,1,3,3,8,8,0,112.0,112.0,0
0,0,4,2,8,8,0,144.0,80.0,0
0,1,3,3,8,8,0,112.0,112.0,0
0,1,3,2,8,8,0,112.0,80.0,0
1,1,0,0,0,0,0,0,0,0
0,1,4,1,8,8,0,144.0,48.0,0
0,1,5,1,8,8,0,176.0,48.0,0
0,1,5,2,8,8,0,176.0,80.0,0
0,1,5,3,8,8,0,176.0,112.0,0
0,1,4,3,8,8,0,144.0,112.0,0
0,0,5,2,8,8,0,176.0,80.0,0
0,1,4,3,8,8,0,144.0,112.0,0
0,1,4,2,8,8,0,144.0,80.0,0
0,1,4,1,8,8,0,144.0,48.0,0
0,1,5,1,8,8,0,176.0,48.0,0
0,1,6,1,8,8,0,208.0,48.0,0
0,1,6,2,8,8,0,208.0,80.0,0
0,1,6,3,8,8,0,208.0,112.0,0
0,1,5,3,8,8,0,176.0,112.0,0
0,0,6,2,8,8,0,208.0,80.0,0
0,1,5,3,8,8,0,176.0,112.0,0
0,1,5,2,8,8,0,176.0,80.0,0
0,1,5,1,8,8,0,176.0,48.0,0
0,1,6,1,8,8,0,208.0,48.0,0
0,1,7,1,8,8,0,240.0,48.0,0
0,1,7,2,8,8,0,240.0,80.0,0
0,1,7,3,8,8,0,240.0,112.0,0
0,1,6,3,8,8,0,208.0,112.0,0
0,0,7,2,8,8,0,240.0,80.0,0
0,1,6,3,8,8,0,208.0,112.0,0
0,1,6,2,8,8,0,208.0,80.0,0
0,1,6,1,8,8,0,208.0,48.0,0
0,1,7,1,8,8,0,240.0,48.0,0
0,1,8,1,8,8,0,272.0,48.0,0
0,1,8,2,8,8,0,272.0,80.0,0
0,1,8,3,8,8,0,272.0,112.0,0
0,1,7,3,8,8,0,240.0,112.0,0
0,0,8,2,8,8,0,272.0,80.0,0
0,1,7,3,8,8,0,240.0,112.0,0
0,1,7,2,8,8,0,240.0,80.0,0
0,1,7,1,8,8,0,240.0,48.0,0
0,1,8,1,8,8,0,272.0,48.0,0
0,1,9,1,8,8,0,304.0,48.0,0
0,1,9,2,8,8,0,304.0,80.0,0
0,1,9,3,8,8,0,304.0,112.0,0
0,1,8,3,8,8,0,272.0,112.0,0
0,0,9,2,8,8,0,304.0,80.0,0
0,1,8,3,8,8,0,272.0,112.0,0
0,1,8,2,8,8,0,272.0,80.0,0
0,1,8,1,8,8,0,272.0,48.0,0
0,1,9,1,8,8,0,304.0,48.0,0
0,1,10,1,8,8,0,336.0,48.0,0
0,1,10,2,8,8,0,336.0,80.0,0
0,1,10,3,8,8,0,336.0,112.0,0
0,1,9,3,8,8,0,304.0,112.0,0
0,0,10,2,8,8,0,336.0,80.0,0
0,1,9,3,8,8,0,304.0,112.0,0
0,1,9,2,8,8,0,304.0,80.0,0
0,1,9,1,8,8,0,304.0,48.0,0
0,1,10,1,8,8,0,336.0,48.0,0
0,1,11,1,8,8,0,368.0,48.0,0
0,1,11,2,8,8,0,368.0,80.0,0
0,1,11,3,8,8,0,368.0,112.0,0
0,1,10,3,8,8,0,336.0,112.0,0
0,0,11,2,8,8,0,368.0,80.0,0
0,1,10,3,8,8,0,336.0,112.0,0
0,1,10,2,8,8,0,336.0,80.0,0
0,1,10,1,8,8,0,336.0,48.0,0
0,1,11,1,8,8,0,368.0,48.0,0
0,1,12,1,8,8,0,400.0,48.0,0
0,1,12,2,8,8,0,400.0,80.0,0
0,1,12,3,8,8,0,400.0,112.0,0
0,1,11,3,8,8,0,368.0,112.0,0
0,0,12,2,8,8,0,400.0,80.0,0
0,1,11,3,8,8,0,368.0,112.0,0
0,1,11,2,8,8,0,368.0,80.0,0
0,1,11,1,8,8,0,368.0,48.0,0
0,1,12,1,8,8,0,400.0,48.0,0
0,1,13,1,8,8,0,432.0,48.0,0
0,1,13,2,8,8,0,432.0,80.0,0
0,1,13,3,8,8,0,432.0,112.0,0
0,1,12,3,8,8,0,400.0,112.0,0
0,0,13,2,8,8,0,432.0,80.0,0
0,1,12,3,8,8,0,400.0,112.0,0
0,1,12,2,8,8,0,400.0,80.0,0
0,1,12,1,8,8,0,400.0,48.0,0
0,1,13,1,8,8,0,432.0,48.0,0
0,1,14,1,8,8,0,464.0,48.0,0
0,1,14,2,8,8,0,464.0,80.0,0
0,1,14,3,8,8,0,464.0,112.0,0
0,1,13,3,8,8,0,432.0,112.0,0
0,0,14,2,8,8,0,464.0,80.0,0
0,1,13,3,8,8,0,432.0,112.0,0
0,1,13,2,8,8,0,432.0,80.0,0
0,1,13,1,8,8,0,432.0,48.0,0
0,1,14,1,8,8,0,464.0,48.0,0
0,1,15,1,8,8,0,496.0,48.0,0
0,1,15,2,8,8,0,496.0,80.0,0
0,1,15,3,8,8,0,496.0,112.0,0
0,1,14,3,8,8,0,464.0,112.0,0
0,0,15,2,8,8,0,496.0,80.0,0
0,1,14,3,8,8,0,464.0,112.0,0
0,1,14,2,8,8,0,464.0,80.0,0
0,1,14,1,8,8,0,464.0,48.0,0
0,1,15,1,8,8,0,496.0,48.0,0
1,1,0,0,0,0,0,0,0,0
1,1,0,0,0,0,0,0,0,0
1,1,0,0,0,0,0,0,0,0
0,1,15,3,8,8,0,496.0,112.0,0
1,0,0,0,0,0,0,0,0,0
1,0,0,0,0,0,0,0,0,0
0,0,2,3,8,8,0,80.0,112.0,0
0,1,1,4,8,8,0,48.0,144.0,0
1,1,0,0,0,0,0,0,0,0
1,1,0,0,0,0,0,0,0,0
1,1,0,0,0,0,0,0,0,0
0,1,3,2,8,8,0,112.0,80.0,0
0,1,3,3,8,8,0,112.0,112.0,0
0,1,3,4,8,8,0,112.0,144.0,0
0,1,2,4,8,8,0,80.0,144.0,0
0,0,3,3,8,8,0,112.0,112.0,0
0,1,2,4,8,8,0,80.0,144.0,0
0,1,2,3,8,8,0,80.0,112.0,0
1,1,0,0,0,0,0,0,0,0
0,1,3,2,8,8,0,112.0,80.0,0
0,1,4,2,8,8,0,144.0,80.0,0
0,1,4,3,8,8,0,144.0,112.0,0
0,1,4,4,8,8,0,144.0,144.0,0
0,1,3,4,8,8,0,112.0,144.0,0
0,0,4,3,8,8,0,144.0,112.0,0
0,1,3,4,8,8,0,112.0,144.0,0
0,1,3,3,8,8,0,112.0,112.0,0
0,1,3,2,8,8,0,112.0,80.0,0
0,1,4,2,8,8,0,144.0,80.0,0
0,1,5,2,8,8,0,176.0,80.0,0
0,1,5,3,8,8,0,176.0,112.0,0
0,1,5,4,8,8,0,176.0,144.0,0
0,1,4,4,8,8,0,144.0,144.0,0
0,0,5,3,8,8,0,176.0,112.0,0
0,1,4,4,8,8,0,144.0,144.0,0
0,1,4,3,8,8,0,144.0,112.0,0
0,1,4,2,8,8,0,144.0,80.0,0
0,1,5,2,8,8,0,176.0,80.0,0
0,1,6,2,8,8,0,208.0,80.0,0
0,1,6,3,8,8,0,208.0,112.0,0
0,1,6,4,8,8,0,208.0,144.0,0
0,1,5,4,8,8,0,176.0,144.0,0
0,0,6,3,8,8,0,208.0,112.0,0
0,1,5,4,8,8,0,176.0,144.0,0
0,1,5,3,8,8,0,176.0,112.0,0
0,1,5,2,8,8,0,176.0,80.0,0
0,1,6,2,8,8,0,208.0,80.0,0
0,1,7,2,8,8,0,240.0,80.0,0
0,1,7,3,8,8,0,240.0,112.0,0
0,1,7,4,8,8,0,240.0,144.0,0
0,1,6,4,8,8,0,208.0,144.0,0
0,0,7,3,8,8,0,240.0,112.0,0
0,1,6,4,8,8,0,208.0,144.0,0
0,1,6,3,8,8,0,208.0,112.0,0
0,1,6,2,8,8,0,208.0,80.0,0
0,1,7,2,8,8,0,240.0,80.0,0
0,1,8,2,8,8,0,272.0,80.0,0
0,1,8,3,8,8,0,272.0,112.0,0
0,1,8,4,8,8,0,272.0,144.0,0
0,1,7,4,8,8,0,240.0,144.0,0
0,0,8,3,8,8,0,272.0,112.0,0
0,1,7,4,8,8,0,240.0,144.0,0
0,1,7,3,8,8,0,240.0,112.0,0
0,1,7,2,8,8,0,240.0,80.0,0
0,1,8,2,8,8,0,272.0,80.0,0
0,1,9,2,8,8,0,304.0,80.0,0
0,1,9,3,8,8,0,304.0,112.0,0
0,1,9,4,8,8,0,304.0,144.0,0
0,1,8,4,8,8,0,272.0,144.0,0
0,0,9,3,8,8,0,304.0,112.0,0
0,1,8,4,8,8,0,272.0,144.0,0
0,1,8,3,8,8,0,272.0,112.0,0
0,1,8,2,8,8,0,272.0,80.0,0
0,1,9,2,8,8,0,304.0,80.0,0
0,1,10,2,8,8,0,336.0,80.0,0
0,1,10,3,8,8,0,336.0,112.0,0
0,1,10,4,8,8,0,336.0,144.0,0
0,1,9,4,8,8,0,304.0,144.0,0
0,0,10,3,8,8,0,336.0,112.0,0
0,1,9,4,8,8,0,304.0,144.0,0
0,1,9,3,8,8,0,304.0,112.0,0
0,1,9,2,8,8,0,304.0,80.0,0
0,1,10,2,8,8,0,336.0,80.0,0
0,1,11,2,8,8,0,368.0,80.0,0
0,1,11,3,8,8,0,368.0,112.0,0
0,1,11,4,8,8,0,368.0,144.0,0
0,1,10,4,8,8,0,336.0,144.0,0
0,0,11,3,8,8,0,368.0,112.0,0
0,1,10,4,8,8,0,336.0,144.0,0
0,1,10,3,8,8,0,336.0,112.0,0
0,1,10,2,8,8,0,336.0,80.0,0
0,1,11,2,8,8,0,368.0,80.0,0
0,1,12,2,8,8,0,400.0,80.0,0
0,1,12,3,8,8,0,400.0,112.0,0
0,1,12,4,8,8,0,400.0,144.0,0
0,1,11,4,8,8,0,368.0,144.0,0
0,0,12,3,8,8,0,400.0,112.0,0
0,1,11,4,8,8,0,368.0,144.0,0
0,1,11,3,8,8,0,368.0,112.0,0
0,1,11,2,8,8,0,368.0,80.0,0
0,1,12,2,8,8,0,400.0,80.0,0
0,1,13,2,8,8,0,432.0,80.0,0
0,1,13,3,8,8,0,432.0,112.0,0
0,1,13,4,8,8,0,432.0,144.0,0
0,1,12,4,8,8,0,400.0,144.0,0
0,0,13,3,8,8,0,432.0,112.0,0
0,1,12,4,8,8,0,400.0,144.0,0
0,1,12,3,8,8,0,400.0,112.0,0
0,1,12,2,8,8,0,400.0,80.0,0
0,1,13,2,8,8,0,432.0,80.0,0
0,1,14,2,8,8,0,464.0,80.0,0
0,1,14,3,8,8,0,464.0,112.0,0
0,1,14,4,8,8,0,464.0,144.0,0
0,1,13,4,8,8,0,432.0,144.0,0
0,0,14,3,8,8,0,464.0,112.0,0
0,1,13,4,8,8,0,432.0,144.0,0
0,1,13,3,8,8,0,432.0,112.0,0
0,1,13,2,8,8,0,432.0,80.0,0
0,1,14,2,8,8,0,464.0,80.0,0
0,1,15,2,8,8,0,496.0,80.0,0
0,1,15,3,8,8,0,496.0,112.0,0
0,1,15,4,8,8,0,496.0,144.0,0
0,1,14,4,8,8,0,464.0,144.0,0
0,0,15,3,8,8,0,496.0,112.0,0
0,1,14,4,8,8,0,464.0,144.0,0
0,1,14,3,8,8,0,464.0,112.0,0
0,1,14,2,8,8,0,464.0,80.0,0
0,1,15,2,8,8,0,496.0,80.0,0
1,1,0,0,0,0,0,0,0,0
1,1,0,0,0,0,0,0,0,0
1,1,0,0,0,0,0,0,0,0
0,1,15,4,8,8,0,496.0,144.0,0
0,0,0,4,8,8,0,16.0,144.0,0
1,1,0,0,0,0,0,0,0,0
1,1,0,0,0,0,0,0,0,0
1,1,0,0,0,0,0,0,0,0
1,1,0,0,0,0,0,0,0,0
1,1,0,0,0,0,0,0,0,0
0,1,1,4,8,8,0,48.0,144.0,0
0,1,1,5,8,8,0,48.0,176.0,0
0,1,0,5,8,8,0,16.0,176.0,0
0,0,1,4,8,8,0,48.0,144.0,0
0,1,0,5,8,8,0,16.0,176.0,0
0,1,0,4,8,8,0,16.0,144.0,0
1,1,0,0,0,0,0,0,0,0
1,1,0,0,0,0,0,0,0,0
0,1,2,3,8,8,0,80.0,112.0,0
0,1,2,4,8,8,0,80.0,144.0,0
0,1,2,5,8,8,0,80.0,176.0,0
0,1,1,5,8,8,0,48.0,176.0,0
0,0,2,4,8,8,0,80.0,144.0,0
0,1,1,5,8,8,0,48.0,176.0,0
0,1,1,4,8,8,0,48.0,144.0,0
1,1,0,0,0,0,0,0,0,0
0,1,2,3,8,8,0,80.0,112.0,0
0,1,3,3,8,8,0,112.0,112.0,0
0,1,3,4,8,8,0,112.0,144.0,0
0,1,3,5,8,8,0,112.0,176.0,0
0,1,2,5,8,8,0,80.0,176.0,0
0,0,3,4,8,8,0,112.0,144.0,0
0,1,2,5,8,8,0,80.0,176.0,0
0,1,2,4,8,8,0,80.0,144.0,0
0,1,2,3,8,8,0,80.0,112.0,0
0,1,3,3,8,8,0,112.0,112.0,0
0,1,4,3,8,8,0,144.0,112.0,0
0,1,4,4,8,8,0,144.0,144.0,0
0,1,4,5,8,8,0,144.0,176.0,0
0,1,3,5,8,8,0,112.0,176.0,0
0,0,4,4,8,8,0,144.0,144.0,0
0,1,3,5,8,8,0,112.0,176.0,0
0,1,3,4,8,8,0,112.0,144.0,0
0,1,3,3,8,8,0,112.0,112.0,0
0,1,4,3,8,8,0,144.0,112.0,0
0,1,5,3,8,8,0,176.0,112.0,0
0,1,5,4,8,8,0,176.0,144.0,0
0,1,5,5,8,8,0,176.0,176.0,0
0,1,4,5,8,8,0,144.0,176.0,0
0,0,5,4,8,8,0,176.0,144.0,0
0,1,4,5,8,8,0,144.0,176.0,0
0,1,4,4,8,8,0,144.0,144.0,0
0,1,4,3,8,8,0,144.0,112.0,0
0,1,5,3,8,8,0,176.0,112.0,0
0,1,6,3,8,8,0,208.0,112.0,0
0,1,6,4,8,8,0,208.0,144.0,0
0,1,6,5,8,8,0,208.0,176.0,0
0,1,5,5,8,8,0,176.0,176.0,0
0,0,6,4,8,8,0,208.0,144.0,0
0,1,5,5,8,8,0,176.0,176.0,0
0,1,5,4,8,8,0,176.0,144.0,0
0,1,5,3,8,8,0,176.0,112.0,0
0,1,6,3,8,8,0,208.0,112.0,0
0,1,7,3,8,8,0,240.0,112.0,0
0,1,7,4,8,8,0,240.0,144.0,0
0,1,7,5,8,8,0,240.0,176.0,0
0,1,6,5,8,8,0,208.0,176.0,0
0,0,7,4,8,8,0,240.0,144.0,0
0,1,6,5,8,8,0,208.0,176.0,0
0,1,6,4,8,8,0,208.0,144.0,0
0,1,6,3,8,8,0,208.0,112.0,0
0,1,7,3,8,8,0,240.0,112.0,0
0,1,8,3,8,8,0,272.0,112.0,0
0,1,8,4,8,8,0,272.0,144.0,0
0,1,8,5,8,8,0,272.0,176.0,0
0,1,7,5,8,8,0,240.0,176.0,0
0,0,8,4,8,8,0,272.0,144.0,0
0,1,7,5,8,8,0,240.0,176.0,0
0,1,7,4,8,8,0,240.0,144.0,0
0,1,7,3,8,8,0,240.0,112.0,0
0,1,8,3,8,8,0,272.0,112.0,0
0,1,9,3,8,8,0,304.0,112.0,0
0,1,9,4,8,8,0,304.0,144.0,0
0,1,9,5,8,8,0,304.0,176.0,0
0,1,8,5,8,8,0,272.0,176.0,0
0,0,9,4,8,8,0,304.0,144.0,0
0,1,8,5,8,8,0,272.0,176.0,0
0,1,8,4,8,8,0,272.0,144.0,0
0,1,8,3,8,8,0,272.0,112.0,0
0,1,9,3,8,8,0,304.0,112.0,0
0,1,10,3,8,8,0,336.0,112.0,0
0,1,10,4,8,8,0,336.0,144.0,0
0,1,10,5,8,8,0,336.0,176.0,0
0,1,9,5,8,8,0,304.0,176.0,0
0,0,10,4,8,8,0,336.0,144.0,0
0,1,9,5,8,8,0,304.0,176.0,0
0,1,9,4,8,8,0,304.0,144.0,0
0,1,9,3,8,8,0,304.0,112.0,0
0,1,10,3,8,8,0,336.0,112.0,0
0,1,11,3,8,8,0,368.0,112.0,0
0,1,11,4,8,8,0,368.0,144.0,0
0,1,11,5,8,8,0,368.0,176.0,0
0,1,10,5,8,8,0,336.0,176.0,0
0,0,11,4,8,8,0,368.0,144.0,0
0,1,10,5,8,8,0,336.0,176.0,0
0,1,10,4,8,8,0,336.0,144.0,0
0,1,10,3,8,8,0,336.0,112.0,0
0,1,11,3,8,8,0,368.0,112.0,0
0,1,12,3,8,8,0,400.0,112.0,0
0,1,12,4,8,8,0,400.0,144.0,0
0,1,12,5,8,8,0,400.0,176.0,0
0,1,11,5,8,8,0,368.0,176.0,0
0,0,12,4,8,8,0,400.0,144.0,0
0,1,11,5,8,8,0,368.0,176.0,0
0,1,11,4,8,8,0,368.0,144.0,0
0,1,11,3,8,8,0,368.0,112.0,0
0,1,12,3,8,8,0,400.0,112.0,0
0,1,13,3,8,8,0,432.0,112.0,0
0,1,13,4,8,8,0,432.0,144.0,0
0,1,13,5,8,8,0,432.0,176.0,0
0,1,12,5,8,8,0,400.0,176.0,0
0,0,13,4,8,8,0,432.0,144.0,0
0,1,12,5,8,8,0,400.0,176.0,0
0,1,12,4,8,8,0,400.0,144.0,0
0,1,12,3,8,8,0,400.0,112.0,0
0,1,13,3,8,8,0,432.0,112.0,0
0,1,14,3,8,8,0,464.0,112.0,0
0,1,14,4,8,8,0,464.0,144.0,0
0,1,14,5,8,8,0,464.0,176.0,0
0,1,13,5,8,8,0,432.0,176.0,0
0,0,14,4,8,8,0,464.0,144.0,0
0,1,13,5,8,8,0,432.0,176.0,0
0,1,13,4,8,8,0,432.0,144.0,0
0,1,13,3,8,8,0,432.0,112.0,0
0,1,14,3,8,8,0,464.0,112.0,0
0,1,15,3,8,8,0,496.0,112.0,0
0,1,15,4,8,8,0,496.0,144.0,0
0,1,15,5,8,8,0,496.0,176.0,0
0,1,14,5,8,8,0,464.0,176.0,0
0,0,15,4,8,8,0,496.0,144.0,0
0,1,14,5,8,8,0,464.0,176.0,0
0,1,14,4,8,8,0,464.0,144.0,0
0,1,14,3,8,8,0,464.0,112.0,0
0,1,15,3,8,8,0,496.0,112.0,0
1,1,0,0,0,0,0,0,0,0
1,1,0,0,0,0,0,0,0,0
1,1,0,0,0,0,0,0,0,0
0,1,15,5,8,8,0,496.0,176.0,0
0,0,0,5,8,8,0,16.0,176.0,0
1,1,0,0,0,0,0,0,0,0
1,1,0,0,0,0,0,0,0,0
1,1,0,0,0,0,0,0,0,0
0,1,0,4,8,8,0,16.0,144.0,0
0,1,1,4,8,8,0,48.0,144.0,0
0,1,1,5,8,8,0,48.0,176.0,0
0,1,1,6,8,8,0,48.0,208.0,0
0,1,0,6,8,8,0,16.0,208.0,0
0,0,1,5,8,8,0,48.0,176.0,0
0,1,0,6,8,8,0,16.0,208.0,0
0,1,0,5,8,8,0,16.0,176.0,0
0,1,0,4,8,8,0,16.0,144.0,0
0,1,1,4,8,8,0,48.0,144.0,0
0,1,2,4,8,8,0,80.0,144.0,0
0,1,2,5,8,8,0,80.0,176.0,0
0,1,2,6,8,8,0,80.0,208.0,0
0,1,1,6,8,8,0,48.0,208.0,0
0,0,2,5,8,8,0,80.0,176.0,0
0,1,1,6,8,8,0,48.0,208.0,0
0,1,1,5,8,8,0,48.0,176.0,0
0,1,1,4,8,8,0,48.0,144.0,0
0,1,2,4,8,8,0,80.0,144.0,0
0,1,3,4,8,8,0,112.0,144.0,0
0,1,3,5,8,8,0,112.0,176.0,0
0,1,3,6,8,8,0,112.0,208.0,0
0,1,2,6,8,8,0,80.0,208.0,0
0,0,3,5,8,8,0,112.0,176.0,0
0,1,2,6,8,8,0,80.0,208.0,0
0,1,2,5,8,8,0,80.0,176.0,0
0,1,2,4,8,8,0,80.0,144.0,0
0,1,3,4,8,8,0,112.0,144.0,0
0,1,4,4,8,8,0,144.0,144.0,0
0,1,4,5,8,8,0,144.0,176.0,0
0,1,4,6,8,8,0,144.0,208.0,0
0,1,3,6,8,8,0,112.0,208.0,0
0,0,4,5,8,8,0,144.0,176.0,0
0,1,3,6,8,8,0,112.0,208.0,0
0,1,3,5,8,8,0,112.0,176.0,0
0,1,3,4,8,8,0,112.0,144.0,0
0,1,4,4,8,8,0,144.0,144.0,0
0,1,5,4,8,8,0,176.0,144.0,0
0,1,5,5,8,8,0,176.0,176.0,0
0,1,5,6,8,8,0,176.0,208.0,0
0,1,4,6,8,8,0,144.0,208.0,0
0,0,5,5,8,8,0,176.0,176.0,0
0,1,4,6,8,8,0,144.0,208.0,0
0,1,4,5,8,8,0,144.0,176.0,0
0,1,4,4,8,8,0,144.0,144.0,0
0,1,5,4,8,8,0,176.0,144.0,0
0,1,6,4,8,8,0,208.0,144.0,0
0,1,6,5,8,8,0,208.0,176.0,0
0,1,6,6,8,8,0,208.0,208.0,0
0,1,5,6,8,8,0,176.0,208.0,0
0,0,6,5,8,8,0,208.0,176.0,0
0,1,5,6,8,8,0,176.0,208.0,0
0,1,5,5,8,8,0,176.0,176.0,0
0,1,5,4,8,8,0,176.0,144.0,0
0,1,6,4,8,8,0,208.0,144.0,0
0,1,7,4,8,8,0,240.0,144.0,0
0,1,7,5,8,8,0,240.0,176.0,0
0,1,7,6,8,8,0,240.0,208.0,0
0,1,6,6,8,8,0,208.0,208.0,0
0,0,7,5,8,8,0,240.0,176.0,0
0,1,6,6,8,8,0,208.0,208.0,0
0,1,6,5,8,8,0,208.0,176.0,0
0,1,6,4,8,8,0,208.0,144.0,0
0,1,7,4,8,8,0,240.0,144.0,0
0,1,8,4,8,8,0,272.0,144.0,0
0,1,8,5,8,8,0,272.0,176.0,0
0,1,8,6,8,8,0,272.0,208.0,0
0,1,7,6,8,8,0,240.0,208.0,0
0,0,8,5,8,8,0,272.0,176.0,0
0,1,7,6,8,8,0,240.0,208.0,0
0,1,7,5,8,8,0,240.0,176.0,0
0,1,7,4,8,8,0,240.0,144.0,0
0,1,8,4,8,8,0,272.0,144.0,0
0,1,9,4,8,8,0,304.0,144.0,0
0,1,9,5,8,8,0,304.0,176.0,0
0,1,9,6,8,8,0,304.0,208.0,0
0,1,8,6,8,8,0,272.0,208.0,0
0,0,9,5,8,8,0,304.0,176.0,0
0,1,8,6,8,8,0,272.0,208.0,0
0,1,8,5,8,8,0,272.0,176.0,0
0,1,8,4,8,8,0,272.0,144.0,0
0,1,9,4,8,8,0,304.0,144.0,0
0,1,10,4,8,8,0,336.0,144.0,0
0,1,10,5,8,8,0,336.0,176.0,0
0,1,10,6,8,8,0,336.0,208.0,0
0,1,9,6,8,8,0,304.0,208.0,0
0,0,10,5,8,8,0,336.0,176.0,0
0,1,9,6,8,8,0,304.0,208.0,0
0,1,9,5,8,8,0,304.0,176.0,0
0,1,9,4,8,8,0,304.0,144.0,0
0,1,10,4,8,8,0,336.0,144.0,0
0,1,11,4,8,8,0,368.0,144.0,0
0,1,11,5,8,8,0,368.0,176.0,0
0,1,11,6,8,8,0,368.0,208.0,0
0,1,10,6,8,8,0,336.0,208.0,0
0,0,11,5,8,8,0,368.0,176.0,0
0,1,10,6,8,8,0,336.0,208.0,0
0,1,10,5,8,8,0,336.0,176.0,0
0,1,10,4,8,8,0,336.0,144.0,0
0,1,11,4,8,8,0,368.0,144.0,0
0,1,12,4,8,8,0,400.0,144.0,0
0,1,12,5,8,8,0,400.0,176.0,0
0,1,12,6,8,8,0,400.0,208.0,0
0,1,11,6,8,8,0,368.0,208.0,0
0,0,12,5,8,8,0,400.0,176.0,0
0,1,11,6,8,8,0,368.0,208.0,0
0,1,11,5,8,8,0,368.0,176.0,0
0,1,11,4,8,8,0,368.0,144.0,0
0,1,12,4,8,8,0,400.0,144.0,0
0,1,13,4,8,8,0,432.0,144.0,0
0,1,13,5,8,8,0,432.0,176.0,0
0,1,13,6,8,8,0,432.0,208.0,0
0,1,12,6,8,8,0,400.0,208.0,0
0,0,13,5,8,8,0,432.0,176.0,0
0,1,12,6,8,8,0,400.0,208.0,0
0,1,12,5,8,8,0,400.0,176.0,0
0,1,12,4,8,8,0,400.0,144.0,0
0,1,13,4,8,8,0,432.0,144.0,0
0,1,14,4,8,8,0,464.0,144.0,0
0,1,14,5,8,8,0,464.0,176.0,0
0,1,14,6,8,8,0,464.0,208.0,0
0,1,13,6,8,8,0,432.0,208.0,0
0,0,14,5,8,8,0,464.0,176.0,0
0,1,13,6,8,8,0,432.0,208.0,0
0,1,13,5,8,8,0,432.0,176.0,0
0,1,13,4,8,8,0,432.0,144.0,0
0,1,14,4,8,8,0,464.0,144.0,0
0,1,15,4,8,8,0,496.0,144.0,0
0,1,15,5,8,8,0,496.0,176.0,0
0,1,15,6,8,8,0,496.0,208.0,0
0,1,14,6,8,8,0,464.0,208.0,0
0,0,15,5,8,8,0,496.0,176.0,0
0,1,14,6,8,8,0,464.0,208.0,0
0,1,14,5,8,8,0,464.0,176.0,0
0,1,14,4,8,8,0,464.0,144.0,0
0,1,15,4,8,8,0,496.0,144.0,0
1,1,0,0,0,0,0,0,0,0
1,1,0,0,0,0,0,0,0,0
1,1,0,0,0,0,0,0,0,0
0,1,15,6,8,8,0,496.0,208.0,0
0,0,0,6,8,8,0,16.0,208.0,0
1,1,0,0,0,0,0,0,0,0
1,1,0,0,0,0,0,0,0,0
1,1,0,0,0,0,0,0,0,0
0,1,0,5,8,8,0,16.0,176.0,0
0,1,1,5,8,8,0,48.0,176.0,0
0,1,1,6,8,8,0,48.0,208.0,0
0,1,1,7,8,8,0,48.0,240.0,0
0,1,0,7,8,8,0,16.0,240.0,0
0,0,1,6,8,8,0,48.0,208.0,0
0,1,0,7,8,8,0,16.0,240.0,0
0,1,0,6,8,8,0,16.0,208.0,0
0,1,0,5,8,8,0,16.0,176.0,0
0,1,1,5,8,8,0,48.0,176.0,0
0,1,2,5,8,8,0,80.0,176.0,0
0,1,2,6,8,8,0,80.0,208.0,0
0,1,2,7,8,8,0,80.0,240.0,0
0,1,1,7,8,8,0,48.0,240.0,0
0,0,2,6,8,8,0,80.0,208.0,0
0,1,1,7,8,8,0,48.0,240.0,0
0,1,1,6,8,8,0,48.0,208.0,0
0,1,1,5,8,8,0,48.0,176.0,0
0,1,2,5,8,8,0,80.0,176.0,0
0,1,3,5,8,8,0,112.0,176.0,0
0,1,3,6,8,8,0,112.0,208.0,0
0,1,3,7,8,8,0,112.0,240.0,0
0,1,2,7,8,8,0,80.0,240.0,0
0,0,3,6,8,8,0,112.0,208.0,0
0,1,2,7,8,8,0,80.0,240.0,0
0,1,2,6,8,8,0,80.0,208.0,0
0,1,2,5,8,8,0,80.0,176.0,0
0,1,3,5,8,8,0,112.0,176.0,0
0,1,4,5,8,8,0,144.0,176.0,0
0,1,4,6,8,8,0,144.0,208.0,0
0,1,4,7,8,8,0,144.0,240.0,0
0,1,3,7,8,8,0,112.0,240.0,0
0,0,4,6,8,8,0,144.0,208.0,0
0,1,3,7,8,8,0,112.0,240.0,0
0,1,3,6,8,8,0,112.0,208.0,0
0,1,3,5,8,8,0,112.0,176.0,0
0,1,4,5,8,8,0,144.0,176.0,0
0,1,5,5,8,8,0,176.0,176.0,0
0,1,5,6,8,8,0,176.0,208.0,0
0,1,5,7,8,8,0,176.0,240.0,0
0,1,4,7,8,8,0,144.0,240.0,0
0,0,5,6,8,8,0,176.0,208.0,0
0,1,4,7,8,8,0,144.0,240.0,0
0,1,4,6,8,8,0,144.0,208.0,0
0,1,4,5,8,8,0,144.0,176.0,0
0,1,5,5,8,8,0,176.0,176.0,0
0,1,6,5,8,8,0,208.0,176.0,0
0,1,6,6,8,8,0,208.0,208.0,0
0,1,6,7,8,8,0,208.0,240.0,0
0,1,5,7,8,8,0,176.0,240.0,0
0,0,6,6,8,8,0,208.0,208.0,0
0,1,5,7,8,8,0,176.0,240.0,0
0,1,5,6,8,8,0,176.0,208.0,0
0,1,5,5,8,8,0,176.0,176.0,0
0,1,6,5,8,8,0,208.0,176.0,0
0,1,7,5,8,8,0,240.0,176.0,0
0,1,7,6,8,8,0,240.0,208.0,0
0,1,7,7,8,8,0,240.0,240.0,0
0,1,6,7,8,8,0,208.0,240.0,0
0,0,7,6,8,8,0,240.0,208.0,0
0,1,6,7,8,8,0,208.0,240.0,0
0,1,6,6,8,8,0,208.0,208.0,0
0,1,6,5,8,8,0,208.0,176.0,0
0,1,7,5,8,8,0,240.0,176.0,0
0,1,8,5,8,8,0,272.0,176.0,0
0,1,8,6,8,8,0,272.0,208.0,0
0,1,8,7,8,8,0,272.0,240.0,0
0,1,7,7,8,8,0,240.0,240.0,0
0,0,8,6,8,8,0,272.0,208.0,0
0,1,7,7,8,8,0,240.0,240.0,0
0,1,7,6,8,8,0,240.0,208.0,0
0,1,7,5,8,8,0,240.0,176.0,0
0,1,8,5,8,8,0,272.0,176.0,0
0,1,9,5,8,8,0,304.0,176.0,0
0,1,9,6,8,8,0,304.0,208.0,0
0,1,9,7,8,8,0,304.0,240.0,0
0,1,8,7,8,8,0,272.0,240.0,0
0,0,9,6,8,8,0,304.0,208.0,0
0,1,8,7,8,8,0,272.0,240.0,0
0,1,8,6,8,8,0,272.0,208.0,0
0,1,8,5,8,8,0,272.0,176.0,0
0,1,9,5,8,8,0,304.0,176.0,0
0,1,10,5,8,8,0,336.0,176.0,0
0,1,10,6,8,8,0,336.0,208.0,0
0,1,10,7,8,8,0,336.0,240.0,0
0,1,9,7,8,8,0,304.0,240.0,0
0,0,10,6,8,8,0,336.0,208.0,0
0,1,9,7,8,8,0,304.0,240.0,0
0,1,9,6,8,8,0,304.0,208.0,0
0,1,9,5,8,8,0,304.0,176.0,0
0,1,10,5,8,8,0,336.0,176.0,0
0,1,11,5,8,8,0,368.0,176.0,0
0,1,11,6,8,8,0,368.0,208.0,0
0,1,11,7,8,8,0,368.0,240.0,0
0,1,10,7,8,8,0,336.0,240.0,0
0,0,11,6,8,8,0,368.0,208.0,0
0,1,10,7,8,8,0,336.0,240.0,0
0,1,10,6,8,8,0,336.0,208.0,0
0,1,10,5,8,8,0,336.0,176.0,0
0,1,11,5,8,8,0,368.0,176.0,0
0,1,12,5,8,8,0,400.0,176.0,0
0,1,12,6,8,8,0,400.0,208.0,0
0,1,12,7,8,8,0,400.0,240.0,0
0,1,11,7,8,8,0,368.0,240.0,0
0,0,12,6,8,8,0,400.0,208.0,0
0,1,11,7,8,8,0,368.0,240.0,0
0,1,11,6,8,8,0,368.0,208.0,0
0,1,11,5,8,8,0,368.0,176.0,0
0,1,12,5,8,8,0,400.0,176.0,0
0,1,13,5,8,8,0,432.0,176.0,0
0,1,13,6,8,8,0,432.0,208.0,0
0,1,13,7,8,8,0,432.0,240.0,0
0,1,12,7,8,8,0,400.0,240.0,0
0,0,13,6,8,8,0,432.0,208.0,0
0,1,12,7,8,8,0,400.0,240.0,0
0,1,12,6,8,8,0,400.0,208.0,0
0,1,12,5,8,8,0,400.0,176.0,0
0,1,13,5,8,8,0,432.0,176.0,0
0,1,14,5,8,8,0,464.0,176.0,0
0,1,14,6,8,8,0,464.0,208.0,0
0,1,14,7,8,8,0,464.0,240.0,0
0,1,13,7,8,8,0,432.0,240.0,0
0,0,14,6,8,8,0,464.0,208.0,0
0,1,13,7,8,8,0,432.0,240.0,0
0,1,13,6,8,8,0,432.0,208.0,0
0,1,13,5,8,8,0,432.0,176.0,0
0,1,14,5,8,8,0,464.0,176.0,0
0,1,15,5,8,8,0,496.0,176.0,0
0,1,15,6,8,8,0,496.0,208.0,0
0,1,15,7,8,8,0,496.0,240.0,0
0,1,14,7,8,8,0,464.0,240.0,0
0,0,15,6,8,8,0,496.0,208.0,0
0,1,14,7,8,8,0,464.0,240.0,0
0,1,14,6,8,8,0,464.0,208.0,0
0,1,14,5,8,8,0,464.0,176.0,0
0,1,15,5,8,8,0,496.0,176.0,0
1,1,0,0,0,0,0,0,0,0
1,1,0,0,0,0,0,0,0,0
1,1,0,0,0,0,0,0,0,0
0,1,15,7,8,8,0,496.0,240.0,0
0,0,0,7,8,8,0,16.0,240.0,0
1,1,0,0,0,0,0,0,0,0
1,1,0,0,0,0,0,0,0,0
1,1,0,0,0,0,0,0,0,0
0,1,0,6,8,8,0,16.0,208.0,0
0,1,1,6,8,8,0,48.0,208.0,0
0,1,1,7,8,8,0,48.0,240.0,0
0,1,1,8,8,8,0,48.0,272.0,0
0,1,0,8,8,8,0,16.0,272.0,0
0,0,1,7,8,8,0,48.0,240.0,0
0,1,0,8,8,8,0,16.0,272.0,0
0,1,0,7,8,8,0,16.0,240.0,0
0,1,0,6,8,8,0,16.0,208.0,0
0,1,1,6,8,8,0,48.0,208.0,0
0,1,2,6,8,8,0,80.0,208.0,0
0,1,2,7,8,8,0,80.0,240.0,0
0,1,2,8,8,8,0,80.0,272.0,0
0,1,1,8,8,8,0,48.0,272.0,0
0,0,2,7,8,8,0,80.0,240.0,0
0,1,1,8,8,8,0,48.0,272.0,0
0,1,1,7,8,8,0,48.0,240.0,0
0,1,1,6,8,8,0,48.0,208.0,0
0,1,2,6,8,8,0,80.0,208.0,0
0,1,3,6,8,8,0,112.0,208.0,0
0,1,3,7,8,8,0,112.0,240.0,0
0,1,3,8,8,8,0,112.0,272.0,0
0,1,2,8,8,8,0,80.0,272.0,0
0,0,3,7,8,8,0,112.0,240.0,0
0,1,2,8,8,8,0,80.0,272.0,0
0,1,2,7,8,8,0,80.0,240.0,0
0,1,2,6,8,8,0,80.0,208.0,0
0,1,3,6,8,8,0,112.0,208.0,0
0,1,4,6,8,8,0,144.0,208.0,0
0,1,4,7,8,8,0,144.0,240.0,0
0,1,4,8,8,8,0,144.0,272.0,0
0,1,3,8,8,8,0,112.0,272.0,0
0,0,4,7,8,8,0,144.0,240.0,0
0,1,3,8,8,8,0,112.0,272.0,0
0,1,3,7,8,8,0,112.0,240.0,0
0,1,3,6,8,8,0,112.0,208.0,0
0,1,4,6,8,8,0,144.0,208.0,0
0,1,5,6,8,8,0,176.0,208.0,0
0,1,5,7,8,8,0,176.0,240.0,0
0,1,5,8,8,8,0,176.0,272.0,0
0,1,4,8,8,8,0,144.0,272.0,0
0,0,5,7,8,8,0,176.0,240.0,0
0,1,4,8,8,8,0,144.0,272.0,0
0,1,4,7,8,8,0,144.0,240.0,0
0,1,4,6,8,8,0,144.0,208.0,0
0,1,5,6,8,8,0,176.0,208.0,0
0,1,6,6,8,8,0,208.0,208.0,0
0,1,6,7,8,8,0,208.0,240.0,0
0,1,6,8,8,8,0,208.0,272.0,0
0,1,5,8,8,8,0,176.0,272.0,0
0,0,6,7,8,8,0,208.0,240.0,0
0,1,5,8,8,8,0,176.0,272.0,0
0,1,5,7,8,8,0,176.0,240.0,0
0,1,5,6,8,8,0,176.0,208.0,0
0,1,6,6,8,8,0,208.0,208.0,0
0,1,7,6,8,8,0,240.0,208.0,0
0,1,7,7,8,8,0,240.0,240.0,0
0,1,7,8,8,8,0,240.0,272.0,0
0,1,6,8,8,8,0,208.0,272.0,0
0,0,7,7,8,8,0,240.0,240.0,0
0,1,6,8,8,8,0,208.0,272.0,0
0,1,6,7,8,8,0,208.0,240.0,0
0,1,6,6,8,8,0,208.0,208.0,0
0,1,7,6,8,8,0,240.0,208.0,0
0,1,8,6,8,8,0,272.0,208.0,0
0,1,8,7,8,8,0,272.0,240.0,0
0,1,8,8,8,8,0,272.0,272.0,0
0,1,7,8,8,8,0,240.0,272.0,0
0,0,8,7,8,8,0,272.0,240.0,0
0,1,7,8,8,8,0,240.0,272.0,0
0,1,7,7,8,8,0,240.0,240.0,0
0,1,7,6,8,8,0,240.0,208.0,0
0,1,8,6,8,8,0,272.0,208.0,0
0,1,9,6,8,8,0,304.0,208.0,0
0,1,9,7,8,8,0,304.0,240.0,0
0,1,9,8,8,8,0,304.0,272.0,0
0,1,8,8,8,8,0,272.0,272.0,0
0,0,9,7,8,8,0,304.0,240.0,0
0,1,8,8,8,8,0,272.0,272.0,0
0,1,8,7,8,8,0,272.0,240.0,0
0,1,8,6,8,8,0,272.0,208.0,0
0,1,9,6,8,8,0,304.0,208.0,0
0,1,10,6,8,8,0,336.0,208.0,0
0,1,10,7,8,8,0,336.0,240.0,0
0,1,10,8,8,8,0,336.0,272.0,0
0,1,9,8,8,8,0,304.0,272.0,0
0,0,10,7,8,8,0,336.0,240.0,0
0,1,9,8,8,8,0,304.0,272.0,0
0,1,9,7,8,8,0,304.0,240.0,0
0,1,9,6,8,8,0,304.0,208.0,0
0,1,10,6,8,8,0,336.0,208.0,0
0,1,11,6,8,8,0,368.0,208.0,0
0,1,11,7,8,8,0,368.0,240.0,0
0,1,11,8,8,8,0,368.0,272.0,0
0,1,10,8,8,8,0,336.0,272.0,0
0,0,11,7,8,8,0,368.0,240.0,0
0,1,10,8,8,8,0,336.0,272.0,0
0,1,10,7,8,8,0,336.0,240.0,0
0,1,10,6,8,8,0,336.0,208.0,0
0,1,11,6,8,8,0,368.0,208.0,0
0,1,12,6,8,8,0,400.0,208.0,0
0,1,12,7,8,8,0,400.0,240.0,0
0,1,12,8,8,8,0,400.0,272.0,0
0,1,11,8,8,8,0,368.0,272.0,0
0,0,12,7,8,8,0,400.0,240.0,0
0,1,11,8,8,8,0,368.0,272.0,0
0,1,11,7,8,8,0,368.0,240.0,0
0,1,11,6,8,8,0,368.0,208.0,0
0,1,12,6,8,8,0,400.0,208.0,0
0,1,13,6,8,8,0,432.0,208.0,0
0,1,13,7,8,8,0,432.0,240.0,0
0,1,13,8,8,8,0,432.0,272.0,0
0,1,12,8,8,8,0,400.0,272.0,0
0,0,13,7,8,8,0,432.0,240.0,0
0,1,12,8,8,8,0,400.0,272.0,0
0,1,12,7,8,8,0,400.0,240.0,0
0,1,12,6,8,8,0,400.0,208.0,0
0,1,13,6,8,8,0,432.0,208.0,0
0,1,14,6,8,8,0,464.0,208.0,0
0,1,14,7,8,8,0,464.0,240.0,0
0,1,14,8,8,8,0,464.0,272.0,0
0,1,13,8,8,8,0,432.0,272.0,0
0,0,14,7,8,8,0,464.0,240.0,0
0,1,13,8,8,8,0,432.0,272.0,0
0,1,13,7,8,8,0,432.0,240.0,0
0,1,13,6,8,8,0,432.0,208.0,0
0,1,14,6,8,8,0,464.0,208.0,0
0,1,15,6,8,8,0,496.0,208.0,0
0,1,15,7,8,8,0,496.0,240.0,0
0,1,15,8,8,8,0,496.0,272.0,0
0,1,14,8,8,8,0,464.0,272.0,0
0,0,15,7,8,8,0,496.0,240.0,0
0,1,14,8,8,8,0,464.0,272.0,0
0,1,14,7,8,8,0,464.0,240.0,0
0,1,14,6,8,8,0,464.0,208.0,0
0,1,15,6,8,8,0,496.0,208.0,0
1,1,0,0,0,0,0,0,0,0
1,1,0,0,0,0,0,0,0,0
1,1,0,0,0,0,0,0,0,0
0,1,15,8,8,8,0,496.0,272.0,0
0,0,0,8,8,8,0,16.0,272.0,0
1,1,0,0,0,0,0,0,0,0
1,1,0,0,0,0,0,0,0,0
1,1,0,0,0,0,0,0,0,0
0,1,0,7,8,8,0,16.0,240.0,0
0,1,1,7,8,8,0,48.0,240.0,0
0,1,1,8,8,8,0,48.0,272.0,0
0,1,1,9,8,8,0,48.0,304.0,0
0,1,0,9,8,8,0,16.0,304.0,0
0,0,1,8,8,8,0,48.0,272.0,0
0,1,0,9,8,8,0,16.0,304.0,0
0,1,0,8,8,8,0,16.0,272.0,0
0,1,0,7,8,8,0,16.0,240.0,0
0,1,1,7,8,8,0,48.0,240.0,0
0,1,2,7,8,8,0,80.0,240.0,0
0,1,2,8,8,8,0,80.0,272.0,0
0,1,2,9,8,8,0,80.0,304.0,0
0,1,1,9,8,8,0,48.0,304.0,0
0,0,2,8,8,8,0,80.0,272.0,0
0,1,1,9,8,8,0,48.0,304.0,0
0,1,1,8,8,8,0,48.0,272.0,0
0,1,1,7,8,8,0,48.0,240.0,0
0,1,2,7,8,8,0,80.0,240.0,0
0,1,3,7,8,8,0,112.0,240.0,0
0,1,3,8,8,8,0,112.0,272.0,0
0,1,3,9,8,8,0,112.0,304.0,0
0,1,2,9,8,8,0,80.0,304.0,0
0,0,3,8,8,8,0,112.0,272.0,0
0,1,2,9,8,8,0,80.0,304.0,0
0,1,2,8,8,8,0,80.0,272.0,0
0,1,2,7,8,8,0,80.0,240.0,0
0,1,3,7,8,8,0,112.0,240.0,0
0,1,4,7,8,8,0,144.0,240.0,0
0,1,4,8,8,8,0,144.0,272.0,0
0,1,4,9,8,8,0,144.0,304.0,0
0,1,3,9,8,8,0,112.0,304.0,0
0,0,4,8,8,8,0,144.0,272.0,0
0,1,3,9,8,8,0,112.0,304.0,0
0,1,3,8,8,8,0,112.0,272.0,0
0,1,3,7,8,8,0,112.0,240.0,0
0,1,4,7,8,8,0,144.0,240.0,0
0,1,5,7,8,8,0,176.0,240.0,0
0,1,5,8,8,8,0,176.0,272.0,0
0,1,5,9,8,8,0,176.0,304.0,0
0,1,4,9,8,8,0,144.0,304.0,0
0,0,5,8,8,8,0,176.0,272.0,0
0,1,4,9,8,8,0,144.0,304.0,0
0,1,4,8,8,8,0,144.0,272.0,0
0,1,4,7,8,8,0,144.0,240.0,0
0,1,5,7,8,8,0,176.0,240.0,0
0,1,6,7,8,8,0,208.0,240.0,0
0,1,6,8,8,8,0,208.0,272.0,0
0,1,6,9,8,8,0,208.0,304.0,0
0,1,5,9,8,8,0,176.0,304.0,0
0,0,6,8,8,8,0,208.0,272.0,0
0,1,5,9,8,8,0,176.0,304.0,0
0,1,5,8,8,8,0,176.0,272.0,0
0,1,5,7,8,8,0,176.0,240.0,0
0,1,6,7,8,8,0,208.0,240.0,0
0,1,7,7,8,8,0,240.0,240.0,0
0,1,7,8,8,8,0,240.0,272.0,0
0,1,7,9,8,8,0,240.0,304.0,0
0,1,6,9,8,8,0,208.0,304.0,0
0,0,7,8,8,8,0,240.0,272.0,0
0,1,6,9,8,8,0,208.0,304.0,0
0,1,6,8,8,8,0,208.0,272.0,0
0,1,6,7,8,8,0,208.0,240.0,0
0,1,7,7,8,8,0,240.0,240.0,0
0,1,8,7,8,8,0,272.0,240.0,0
0,1,8,8,8,8,0,272.0,272.0,0
0,1,8,9,8,8,0,272.0,304.0,0
0,1,7,9,8,8,0,240.0,304.0,0
0,0,8,8,8,8,0,272.0,272.0,0
0,1,7,9,8,8,0,240.0,304.0,0
0,1,7,8,8,8,0,240.0,272.0,0
0,1,7,7,8,8,0,240.0,240.0,0
0,1,8,7,8,8,0,272.0,240.0,0
0,1,9,7,8,8,0,304.0,240.0,0
0,1,9,8,8,8,0,304.0,272.0,0
0,1,9,9,8,8,0,304.0,304.0,0
0,1,8,9,8,8,0,272.0,304.0,0
0,0,9,8,8,8,0,304.0,272.0,0
0,1,8,9,8,8,0,272.0,304.0,0
0,1,8,8,8,8,0,272.0,272.0,0
0,1,8,7,8,8,0,272.0,240.0,0
0,1,9,7,8,8,0,304.0,240.0,0
0,1,10,7,8,8,0,336.0,240.0,0
0,1,10,8,8,8,0,336.0,272.0,0
0,1,10,9,8,8,0,336.0,304.0,0
0,1,9,9,8,8,0,304.0,304.0,0
0,0,10,8,8,8,0,336.0,272.0,0
0,1,9,9,8,8,0,304.0,304.0,0
0,1,9,8,8,8,0,304.0,272.0,0
0,1,9,7,8,8,0,304.0,240.0,0
0,1,10,7,8,8,0,336.0,240.0,0
0,1,11,7,8,8,0,368.0,240.0,0
0,1,11,8,8,8,0,368.0,272.0,0
0,1,11,9,8,8,0,368.0,304.0,0
0,1,10,9,8,8,0,336.0,304.0,0
0,0,11,8,8,8,0,368.0,272.0,0
0,1,10,9,8,8,0,336.0,304.0,0
0,1,10,8,8,8,0,336.0,272.0,0
0,1,10,7,8,8,0,336.0,240.0,0
0,1,11,7,8,8,0,368.0,240.0,0
0,1,12,7,8,8,0,400.0,240.0,0
0,1,12,8,8,8,0,400.0,272.0,0
0,1,12,9,8,8,0,400.0,304.0,0
0,1,11,9,8,8,0,368.0,304.0,0
0,0,12,8,8,8,0,400.0,272.0,0
0,1,11,9,8,8,0,368.0,304.0,0
0,1,11,8,8,8,0,368.0,272.0,0
0,1,11,7,8,8,0,368.0,240.0,0
0,1,12,7,8,8,0,400.0,240.0,0
0,1,13,7,8,8,0,432.0,240.0,0
0,1,13,8,8,8,0,432.0,272.0,0
0,1,13,9,8,8,0,432.0,304.0,0
0,1,12,9,8,8,0,400.0,304.0,0
0,0,13,8,8,8,0,432.0,272.0,0
0,1,12,9,8,8,0,400.0,304.0,0
0,1,12,8,8,8,0,400.0,272.0,0
0,1,12,7,8,8,0,400.0,240.0,0
0,1,13,7,8,8,0,432.0,240.0,0
0,1,14,7,8,8,0,464.0,240.0,0
0,1,14,8,8,8,0,464.0,272.0,0
0,1,14,9,8,8,0,464.0,304.0,0
0,1,13,9,8,8,0,432.0,304.0,0
0,0,14,8,8,8,0,464.0,272.0,0
0,1,13,9,8,8,0,432.0,304.0,0
0,1,13,8,8,8,0,432.0,272.0,0
0,1,13,7,8,8,0,432.0,240.0,0
0,1,14,7,8,8,0,464.0,240.0,0
0,1,15,7,8,8,0,496.0,240.0,0
0,1,15,8,8,8,0,496.0,272.0,0
0,1,15,9,8,8,0,496.0,304.0,0
0,1,14,9,8,8,0,464.0,304.0,0
0,0,15,8,8,8,0,496.0,272.0,0
0,1,14,9,8,8,0,464.0,304.0,0
0,1,14,8,8,8,0,464.0,272.0,0
0,1,14,7,8,8,0,464.0,240.0,0
0,1,15,7,8,8,0,496.0,240.0,0
1,1,0,0,0,0,0,0,0,0
1,1,0,0,0,0,0,0,0,0
1,1,0,0,0,0,0,0,0,0
0,1,15,9,8,8,0,496.0,304.0,0
0,0,0,9,8,8,0,16.0,304.0,0
1,1,0,0,0,0,0,0,0,0
1,1,0,0,0,0,0,0,0,0
1,1,0,0,0,0,0,0,0,0
0,1,0,8,8,8,0,16.0,272.0,0
0,1,1,8,8,8,0,48.0,272.0,0
0,1,1,9,8,8,0,48.0,304.0,0
0,1,1,10,8,8,0,48.0,336.0,0
0,1,0,10,8,8,0,16.0,336.0,0
0,0,1,9,8,8,0,48.0,304.0,0
0,1,0,10,8,8,0,16.0,336.0,0
0,1,0,9,8,8,0,16.0,304.0,0
0,1,0,8,8,8,0,16.0,272.0,0
0,1,1,8,8,8,0,48.0,272.0,0
0,1,2,8,8,8,0,80.0,272.0,0
0,1,2,9,8,8,0,80.0,304.0,0
0,1,2,10,8,8,0,80.0,336.0,0
0,1,1,10,8,8,0,48.0,336.0,0
0,0,2,9,8,8,0,80.0,304.0,0
0,1,1,10,8,8,0,48.0,336.0,0
0,1,1,9,8,8,0,48.0,304.0,0
0,1,1,8,8,8,0,48.0,272.0,0
0,1,2,8,8,8,0,80.0,272.0,0
0,1,3,8,8,8,0,112.0,272.0,0
0,1,3,9,8,8,0,112.0,304.0,0
0,1,3,10,8,8,0,112.0,336.0,0
0,1,2,10,8,8,0,80.0,336.0,0
0,0,3,9,8,8,0,112.0,304.0,0
0,1,2,10,8,8,0,80.0,336.0,0
0,1,2,9,8,8,0,80.0,304.0,0
0,1,2,8,8,8,0,80.0,272.0,0
0,1,3,8,8,8,0,112.0,272.0,0
0,1,4,8,8,8,0,144.0,272.0,0
0,1,4,9,8,8,0,144.0,304.0,0
0,1,4,10,8,8,0,144.0,336.0,0
0,1,3,10,8,8,0,112.0,336.0,0
0,0,4,9,8,8,0,144.0,304.0,0
0,1,3,10,8,8,0,112.0,336.0,0
0,1,3,9,8,8,0,112.0,304.0,0
0,1,3,8,8,8,0,112.0,272.0,0
0,1,4,8,8,8,0,144.0,272.0,0
0,1,5,8,8,8,0,176.0,272.0,0
0,1,5,9,8,8,0,176.0,304.0,0
0,1,5,10,8,8,0,176.0,336.0,0
0,1,4,10,8,8,0,144.0,336.0,0
0,0,5,9,8,8,0,176.0,304.0,0
0,1,4,10,8,8,0,144.0,336.0,0
0,1,4,9,8,8,0,144.0,304.0,0
0,1,4,8,8,8,0,144.0,272.0,0
0,1,5,8,8,8,0,176.0,272.0,0
0,1,6,8,8,8,0,208.0,272.0,0
0,1,6,9,8,8,0,208.0,304.0,0
0,1,6,10,8,8,0,208.0,336.0,0
0,1,5,10,8,8,0,176.0,336.0,0
0,0,6,9,8,8,0,208.0,304.0,0
0,1,5,10,8,8,0,176.0,336.0,0
0,1,5,9,8,8,0,176.0,304.0,0
0,1,5,8,8,8,0,176.0,272.0,0
0,1,6,8,8,8,0,208.0,272.0,0
0,1,7,8,8,8,0,240.0,272.0,0
0,1,7,9,8,8,0,240.0,304.0,0
0,1,7,10,8,8,0,240.0,336.0,0
0,1,6,10,8,8,0,208.0,336.0,0
0,0,7,9,8,8,0,240.0,304.0,0
0,1,6,10,8,8,0,208.0,336.0,0
0,1,6,9,8,8,0,208.0,304.0,0
0,1,6,8,8,8,0,208.0,272.0,0
0,1,7,8,8,8,0,240.0,272.0,0
0,1,8,8,8,8,0,272.0,272.0,0
0,1,8,9,8,8,0,272.0,304.0,0
0,1,8,10,8,8,0,272.0,336.0,0
0,1,7,10,8,8,0,240.0,336.0,0
0,0,8,9,8,8,0,272.0,304.0,0
0,1,7,10,8,8,0,240.0,336.0,0
0,1,7,9,8,8,0,240.0,304.0,0
0,1,7,8,8,8,0,240.0,272.0,0
0,1,8,8,8,8,0,272.0,272.0,0
0,1,9,8,8,8,0,304.0,272.0,0
0,1,9,9,8,8,0,304.0,304.0,0
0,1,9,10,8,8,0,304.0,336.0,0
0,1,8,10,8,8,0,272.0,336.0,0
0,0,9,9,8,8,0,304.0,304.0,0
0,1,8,10,8,8,0,272.0,336.0,0
0,1,8,9,8,8,0,272.0,304.0,0
0,1,8,8,8,8,0,272.0,272.0,0
0,1,9,8,8,8,0,304.0,272.0,0
0,1,10,8,8,8,0,336.0,272.0,0
0,1,10,9,8,8,0,336.0,304.0,0
0,1,10,10,8,8,0,336.0,336.0,0
0,1,9,10,8,8,0,304.0,336.0,0
0,0,10,9,8,8,0,336.0,304.0,0
0,1,9,10,8,8,0,304.0,336.0,0
0,1,9,9,8,8,0,304.0,304.0,0
0,1,9,8,8,8,0,304.0,272.0,0
0,1,10,8,8,8,0,336.0,272.0,0
0,1,11,8,8,8,0,368.0,272.0,0
0,1,11,9,8,8,0,368.0,304.0,0
0,1,11,10,8,8,0,368.0,336.0,0
0,1,10,10,8,8,0,336.0,336.0,0
0,0,11,9,8,8,0,368.0,304.0,0
0,1,10,10,8,8,0,336.0,336.0,0
0,1,10,9,8,8,0,336.0,304.0,0
0,1,10,8,8,8,0,336.0,272.0,0
0,1,11,8,8,8,0,368.0,272.0,0
0,1,12,8,8,8,0,400.0,272.0,0
0,1,12,9,8,8,0,400.0,304.0,0
0,1,12,10,8,8,0,400.0,336.0,0
0,1,11,10,8,8,0,368.0,336.0,0
0,0,12,9,8,8,0,400.0,304.0,0
0,1,11,10,8,8,0,368.0,336.0,0
0,1,11,9,8,8,0,368.0,304.0,0
0,1,11,8,8,8,0,368.0,272.0,0
0,1,12,8,8,8,0,400.0,272.0,0
0,1,13,8,8,8,0,432.0,272.0,0
0,1,13,9,8,8,0,432.0,304.0,0
0,1,13,10,8,8,0,432.0,336.0,0
0,1,12,10,8,8,0,400.0,336.0,0
0,0,13,9,8,8,0,432.0,304.0,0
0,1,12,10,8,8,0,400.0,336.0,0
0,1,12,9,8,8,0,400.0,304.0,0
0,1,12,8,8,8,0,400.0,272.0,0
0,1,13,8,8,8,0,432.0,272.0,0
0,1,14,8,8,8,0,464.0,272.0,0
0,1,14,9,8,8,0,464.0,304.0,0
0,1,14,10,8,8,0,464.0,336.0,0
0,1,13,10,8,8,0,432.0,336.0,0
0,0,14,9,8,8,0,464.0,304.0,0
0,1,13,10,8,8,0,432.0,336.0,0
0,1,13,9,8,8,0,432.0,304.0,0
0,1,13,8,8,8,0,432.0,272.0,0
0,1,14,8,8,8,0,464.0,272.0,0
0,1,15,8,8,8,0,496.0,272.0,0
0,1,15,9,8,8,0,496.0,304.0,0
0,1,15,10,8,8,0,496.0,336.0,0
0,1,14,10,8,8,0,464.0,336.0,0
0,0,15,9,8,8,0,496.0,304.0,0
0,1,14,10,8,8,0,464.0,336.0,0
0,1,14,9,8,8,0,464.0,304.0,0
0,1,14,8,8,8,0,464.0,272.0,0
0,1,15,8,8,8,0,496.0,272.0,0
1,1,0,0,0,0,0,0,0,0
1,1,0,0,0,0,0,0,0,0
1,1,0,0,0,0,0,0,0,0
0,1,15,10,8,8,0,496.0,336.0,0
0,0,0,10,8,8,0,16.0,336.0,0
1,1,0,0,0,0,0,0,0,0
1,1,0,0,0,0,0,0,0,0
1,1,0,0,0,0,0,0,0,0
0,1,0,9,8,8,0,16.0,304.0,0
0,1,1,9,8,8,0,48.0,304.0,0
0,1,1,10,8,8,0,48.0,336.0,0
0,1,1,11,8,8,0,48.0,368.0,0
0,1,0,11,8,8,0,16.0,368.0,0
0,0,1,10,8,8,0,48.0,336.0,0
0,1,0,11,8,8,0,16.0,368.0,0
0,1,0,10,8,8,0,16.0,336.0,0
0,1,0,9,8,8,0,16.0,304.0,0
0,1,1,9,8,8,0,48.0,304.0,0
0,1,2,9,8,8,0,80.0,304.0,0
0,1,2,10,8,8,0,80.0,336.0,0
0,1,2,11,8,8,0,80.0,368.0,0
0,1,1,11,8,8,0,48.0,368.0,0
0,0,2,10,8,8,0,80.0,336.0,0
0,1,1,11,8,8,0,48.0,368.0,0
0,1,1,10,8,8,0,48.0,336.0,0
0,1,1,9,8,8,0,48.0,304.0,0
0,1,2,9,8,8,0,80.0,304.0,0
0,1,3,9,8,8,0,112.0,304.0,0
0,1,3,10,8,8,0,112.0,336.0,0
0,1,3,11,8,8,0,112.0,368.0,0
0,1,2,11,8,8,0,80.0,368.0,0
0,0,3,10,8,8,0,112.0,336.0,0
0,1,2,11,8,8,0,80.0,368.0,0
0,1,2,10,8,8,0,80.0,336.0,0
0,1,2,9,8,8,0,80.0,304.0,0
0,1,3,9,8,8,0,112.0,304.0,0
0,1,4,9,8,8,0,144.0,304.0,0
0,1,4,10,8,8,0,144.0,336.0,0
0,1,4,11,8,8,0,144.0,368.0,0
0,1,3,11,8,8,0,112.0,368.0,0
0,0,4,10,8,8,0,144.0,336.0,0
0,1,3,11,8,8,0,112.0,368.0,0
0,1,3,10,8,8,0,112.0,336.0,0
0,1,3,9,8,8,0,112.0,304.0,0
0,1,4,9,8,8,0,144.0,304.0,0
0,1,5,9,8,8,0,176.0,304.0,0
0,1,5,10,8,8,0,176.0,336.0,0
0,1,5,11,8,8,0,176.0,368.0,0
0,1,4,11,8,8,0,144.0,368.0,0
0,0,5,10,8,8,0,176.0,336.0,0
0,1,4,11,8,8,0,144.0,368.0,0
0,1,4,10,8,8,0,144.0,336.0,0
0,1,4,9,8,8,0,144.0,304.0,0
0,1,5,9,8,8,0,176.0,304.0,0
0,1,6,9,8,8,0,208.0,304.0,0
0,1,6,10,8,8,0,208.0,336.0,0
0,1,6,11,8,8,0,208.0,368.0,0
0,1,5,11,8,8,0,176.0,368.0,0
0,0,6,10,8,8,0,208.0,336.0,0
0,1,5,11,8,8,0,176.0,368.0,0
0,1,5,10,8,8,0,176.0,336.0,0
0,1,5,9,8,8,0,176.0,304.0,0
0,1,6,9,8,8,0,208.0,304.0,0
0,1,7,9,8,8,0,240.0,304.0,0
0,1,7,10,8,8,0,240.0,336.0,0
0,1,7,11,8,8,0,240.0,368.0,0
0,1,6,11,8,8,0,208.0,368.0,0
0,0,7,10,8,8,0,240.0,336.0,0
0,1,6,11,8,8,0,208.0,368.0,0
0,1,6,10,8,8,0,208.0,336.0,0
0,1,6,9,8,8,0,208.0,304.0,0
0,1,7,9,8,8,0,240.0,304.0,0
0,1,8,9,8,8,0,272.0,304.0,0
0,1,8,10,8,8,0,272.0,336.0,0
0,1,8,11,8,8,0,272.0,368.0,0
0,1,7,11,8,8,0,240.0,368.0,0
0,0,8,10,8,8,0,272.0,336.0,0
0,1,7,11,8,8,0,240.0,368.0,0
0,1,7,10,8,8,0,240.0,336.0,0
0,1,7,9,8,8,0,240.0,304.0,0
0,1,8,9,8,8,0,272.0,304.0,0
0,1,9,9,8,8,0,304.0,304.0,0
0,1,9,10,8,8,0,304.0,336.0,0
0,1,9,11,8,8,0,304.0,368.0,0
0,1,8,11,8,8,0,272.0,368.0,0
0,0,9,10,8,8,0,304.0,336.0,0
0,1,8,11,8,8,0,272.0,368.0,0
0,1,8,10,8,8,0,272.0,336.0,0
0,1,8,9,8,8,0,272.0,304.0,0
0,1,9,9,8,8,0,304.0,304.0,0
0,1,10,9,8,8,0,336.0,304.0,0
0,1,10,10,8,8,0,336.0,336.0,0
0,1,10,11,8,8,0,336.0,368.0,0
0,1,9,11,8,8,0,304.0,368.0,0
0,0,10,10,8,8,0,336.0,336.0,0
0,1,9,11,8,8,0,304.0,368.0,0
0,1,9,10,8,8,0,304.0,336.0,0
0,1,9,9,8,8,0,304.0,304.0,0
0,1,10,9,8,8,0,336.0,304.0,0
0,1,11,9,8,8,0,368.0,304.0,0
0,1,11,10,8,8,0,368.0,336.0,0
0,1,11,11,8,8,0,368.0,368.0,0
0,1,10,11,8,8,0,336.0,368.0,0
0,0,11,10,8,8,0,368.0,336.0,0
0,1,10,11,8,8,0,336.0,368.0,0
0,1,10,10,8,8,0,336.0,336.0,0
0,1,10,9,8,8,0,336.0,304.0,0
0,1,11,9,8,8,0,368.0,304.0,0
0,1,12,9,8,8,0,400.0,304.0,0
0,1,12,10,8,8,0,400.0,336.0,0
0,1,12,11,8,8,0,400.0,368.0,0
0,1,11,11,8,8,0,368.0,368.0,0
0,0,12,10,8,8,0,400.0,336.0,0
0,1,11,11,8,8,0,368.0,368.0,0
0,1,11,10,8,8,0,368.0,336.0,0
0,1,11,9,8,8,0,368.0,304.0,0
0,1,12,9,8,8,0,400.0,304.0,0
0,1,13,9,8,8,0,432.0,304.0,0
0,1,13,10,8,8,0,432.0,336.0,0
0,1,13,11,8,8,0,432.0,368.0,0
0,1,12,11,8,8,0,400.0,368.0,0
0,0,13,10,8,8,0,432.0,336.0,0
0,1,12,11,8,8,0,400.0,368.0,0
0,1,12,10,8,8,0,400.0,336.0,0
0,1,12,9,8,8,0,400.0,304.0,0
0,1,13,9,8,8,0,432.0,304.0,0
0,1,14,9,8,8,0,464.0,304.0,0
0,1,14,10,8,8,0,464.0,336.0,0
0,1,14,11,8,8,0,464.0,368.0,0
0,1,13,11,8,8,0,432.0,368.0,0
0,0,14,10,8,8,0,464.0,336.0,0
0,1,13,11,8,8,0,432.0,368.0,0
0,1,13,10,8,8,0,432.0,336.0,0
0,1,13,9,8,8,0,432.0,304.0,0
0,1,14,9,8,8,0,464.0,304.0,0
0,1,15,9,8,8,0,496.0,304.0,0
0,1,15,10,8,8,0,496.0,336.0,0
0,1,15,11,8,8,0,496.0,368.0,0
0,1,14,11,8,8,0,464.0,368.0,0
0,0,15,10,8,8,0,496.0,336.0,0
0,1,14,11,8,8,0,464.0,368.0,0
0,1,14,10,8,8,0,464.0,336.0,0
0,1,14,9,8,8,0,464.0,304.0,0
0,1,15,9,8,8,0,496.0,304.0,0
1,1,0,0,0,0,0,0,0,0
1,1,0,0,0,0,0,0,0,0
1,1,0,0,0,0,0,0,0,0
0,1,15,11,8,8,0,496.0,368.0,0
0,0,0,11,8,8,0,16.0,368.0,0
1,1,0,0,0,0,0,0,0,0
1,1,0,0,0,0,0,0,0,0
1,1,0,0,0,0,0,0,0,0
0,1,0,10,8,8,0,16.0,336.0,0
0,1,1,10,8,8,0,48.0,336.0,0
0,1,1,11,8,8,0,48.0,368.0,0
0,1,1,12,8,8,0,48.0,400.0,0
0,1,0,12,8,8,0,16.0,400.0,0
0,0,1,11,8,8,0,48.0,368.0,0
0,1,0,12,8,8,0,16.0,400.0,0
0,1,0,11,8,8,0,16.0,368.0,0
0,1,0,10,8,8,0,16.0,336.0,0
0,1,1,10,8,8,0,48.0,336.0,0
0,1,2,10,8,8,0,80.0,336.0,0
0,1,2,11,8,8,0,80.0,368.0,0
0,1,2,12,8,8,0,80.0,400.0,0
0,1,1,12,8,8,0,48.0,400.0,0
0,0,2,11,8,8,0,80.0,368.0,0
0,1,1,12,8,8,0,48.0,400.0,0
0,1,1,11,8,8,0,48.0,368.0,0
0,1,1,10,8,8,0,48.0,336.0,0
0,1,2,10,8,8,0,80.0,336.0,0
0,1,3,10,8,8,0,112.0,336.0,0
0,1,3,11,8,8,0,112.0,368.0,0
0,1,3,12,8,8,0,112.0,400.0,0
0,1,2,12,8,8,0,80.0,400.0,0
0,0,3,11,8,8,0,112.0,368.0,0
0,1,2,12,8,8,0,80.0,400.0,0
0,1,2,11,8,8,0,80.0,368.0,0
0,1,2,10,8,8,0,80.0,336.0,0
0,1,3,10,8,8,0,112.0,336.0,0
0,1,4,10,8,8,0,144.0,336.0,0
0,1,4,11,8,8,0,144.0,368.0,0
0,1,4,12,8,8,0,144.0,400.0,0
0,1,3,12,8,8,0,112.0,400.0,0
0,0,4,11,8,8,0,144.0,368.0,0
0,1,3,12,8,8,0,112.0,400.0,0
0,1,3,11,8,8,0,112.0,368.0,0
0,1,3,10,8,8,0,112.0,336.0,0
0,1,4,10,8,8,0,144.0,336.0,0
0,1,5,10,8,8,0,176.0,336.0,0
0,1,5,11,8,8,0,176.0,368.0,0
0,1,5,12,8,8,0,176.0,400.0,0
0,1,4,12,8,8,0,144.0,400.0,0
0,0,5,11,8,8,0,176.0,368.0,0
0,1,4,12,8,8,0,144.0,400.0,0
0,1,4,11,8,8,0,144.0,368.0,0
0,1,4,10,8,8,0,144.0,336.0,0
0,1,5,10,8,8,0,176.0,336.0,0
0,1,6,10,8,8,0,208.0,336.0,0
0,1,6,11,8,8,0,208.0,368.0,0
0,1,6,12,8,8,0,208.0,400.0,0
0,1,5,12,8,8,0,176.0,400.0,0
0,0,6,11,8,8,0,208.0,368.0,0
0,1,5,12,8,8,0,176.0,400.0,0
0,1,5,11,8,8,0,176.0,368.0,0
0,1,5,10,8,8,0,176.0,336.0,0
0,1,6,10,8,8,0,208.0,336.0,0
0,1,7,10,8,8,0,240.0,336.0,0
0,1,7,11,8,8,0,240.0,368.0,0
0,1,7,12,8,8,0,240.0,400.0,0
0,1,6,12,8,8,0,208.0,400.0,0
0,0,7,11,8,8,0,240.0,368.0,0
0,1,6,12,8,8,0,208.0,400.0,0
0,1,6,11,8,8,0,208.0,368.0,0
0,1,6,10,8,8,0,208.0,336.0,0
0,1,7,10,8,8,0,240.0,336.0,0
0,1,8,10,8,8,0,272.0,336.0,0
0,1,8,11,8,8,0,272.0,368.0,0
0,1,8,12,8,8,0,272.0,400.0,0
0,1,7,12,8,8,0,240.0,400.0,0
0,0,8,11,8,8,0,272.0,368.0,0
0,1,7,12,8,8,0,240.0,400.0,0
0,1,7,11,8,8,0,240.0,368.0,0
0,1,7,10,8,8,0,240.0,336.0,0
0,1,8,10,8,8,0,272.0,336.0,0
0,1,9,10,8,8,0,304.0,336.0,0
0,1,9,11,8,8,0,304.0,368.0,0
0,1,9,12,8,8,0,304.0,400.0,0
0,1,8,12,8,8,0,272.0,400.0,0
0,0,9,11,8,8,0,304.0,368.0,0
0,1,8,12,8,8,0,272.0,400.0,0
0,1,8,11,8,8,0,272.0,368.0,0
0,1,8,10,8,8,0,272.0,336.0,0
0,1,9,10,8,8,0,304.0,336.0,0
0,1,10,10,8,8,0,336.0,336.0,0
0,1,10,11,8,8,0,336.0,368.0,0
0,1,10,12,8,8,0,336.0,400.0,0
0,1,9,12,8,8,0,304.0,400.0,0
0,0,10,11,8,8,0,336.0,368.0,0
0,1,9,12,8,8,0,304.0,400.0,0
0,1,9,11,8,8,0,304.0,368.0,0
0,1,9,10,8,8,0,304.0,336.0,0
0,1,10,10,8,8,0,336.0,336.0,0
0,1,11,10,8,8,0,368.0,336.0,0
0,1,11,11,8,8,0,368.0,368.0,0
0,1,11,12,8,8,0,368.0,400.0,0
0,1,10,12,8,8,0,336.0,400.0,0
0,0,11,11,8,8,0,368.0,368.0,0
0,1,10,12,8,8,0,336.0,400.0,0
0,1,10,11,8,8,0,336.0,368.0,0
0,1,10,10,8,8,0,336.0,336.0,0
0,1,11,10,8,8,0,368.0,336.0,0
0,1,12,10,8,8,0,400.0,336.0,0
0,1,12,11,8,8,0,400.0,368.0,0
0,1,12,12,8,8,0,400.0,400.0,0
0,1,11,12,8,8,0,368.0,400.0,0
0,0,12,11,8,8,0,400.0,368.0,0
0,1,11,12,8,8,0,368.0,400.0,0
0,1,11,11,8,8,0,368.0,368.0,0
0,1,11,10,8,8,0,368.0,336.0,0
0,1,12,10,8,8,0,400.0,336.0,0
0,1,13,10,8,8,0,432.0,336.0,0
0,1,13,11,8,8,0,432.0,368.0,0
0,1,13,12,8,8,0,432.0,400.0,0
0,1,12,12,8,8,0,400.0,400.0,0
0,0,13,11,8,8,0,432.0,368.0,0
0,1,12,12,8,8,0,400.0,400.0,0
0,1,12,11,8,8,0,400.0,368.0,0
0,1,12,10,8,8,0,400.0,336.0,0
0,1,13,10,8,8,0,432.0,336.0,0
0,1,14,10,8,8,0,464.0,336.0,0
0,1,14,11,8,8,0,464.0,368.0,0
0,1,14,12,8,8,0,464.0,400.0,0
0,1,13,12,8,8,0,432.0,400.0,0
0,0,14,11,8,8,0,464.0,368.0,0
0,1,13,12,8,8,0,432.0,400.0,0
0,1,13,11,8,8,0,432.0,368.0,0
0,1,13,10,8,8,0,432.0,336.0,0
0,1,14,10,8,8,0,464.0,336.0,0
0,1,15,10,8,8,0,496.0,336.0,0
0,1,15,11,8,8,0,496.0,368.0,0
0,1,15,12,8,8,0,496.0,400.0,0
0,1,14,12,8,8,0,464.0,400.0,0
0,0,15,11,8,8,0,496.0,368.0,0
0,1,14,12,8,8,0,464.0,400.0,0
0,1,14,11,8,8,0,464.0,368.0,0
0,1,14,10,8,8,0,464.0,336.0,0
0,1,15,10,8,8,0,496.0,336.0,0
1,1,0,0,0,0,0,0,0,0
1,1,0,0,0,0,0,0,0,0
1,1,0,0,0,0,0,0,0,0
0,1,15,12,8,8,0,496.0,400.0,0
0,0,0,12,8,8,0,16.0,400.0,0
1,1,0,0,0,0,0,0,0,0
1,1,0,0,0,0,0,0,0,0
1,1,0,0,0,0,0,0,0,0
0,1,0,11,8,8,0,16.0,368.0,0
0,1,1,11,8,8,0,48.0,368.0,0
0,1,1,12,8,8,0,48.0,400.0,0
0,1,1,13,8,8,0,48.0,432.0,0
0,1,0,13,8,8,0,16.0,432.0,0
0,0,1,12,8,8,0,48.0,400.0,0
0,1,0,13,8,8,0,16.0,432.0,0
0,1,0,12,8,8,0,16.0,400.0,0
0,1,0,11,8,8,0,16.0,368.0,0
0,1,1,11,8,8,0,48.0,368.0,0
0,1,2,11,8,8,0,80.0,368.0,0
0,1,2,12,8,8,0,80.0,400.0,0
0,1,2,13,8,8,0,80.0,432.0,0
0,1,1,13,8,8,0,48.0,432.0,0
0,0,2,12,8,8,0,80.0,400.0,0
0,1,1,13,8,8,0,48.0,432.0,0
0,1,1,12,8,8,0,48.0,400.0,0
0,1,1,11,8,8,0,48.0,368.0,0
0,1,2,11,8,8,0,80.0,368.0,0
0,1,3,11,8,8,0,112.0,368.0,0
0,1,3,12,8,8,0,112.0,400.0,0
0,1,3,13,8,8,0,112.0,432.0,0
0,1,2,13,8,8,0,80.0,432.0,0
0,0,3,12,8,8,0,112.0,400.0,0
0,1,2,13,8,8,0,80.0,432.0,0
0,1,2,12,8,8,0,80.0,400.0,0
0,1,2,11,8,8,0,80.0,368.0,0
0,1,3,11,8,8,0,112.0,368.0,0
0,1,4,11,8,8,0,144.0,368.0,0
0,1,4,12,8,8,0,144.0,400.0,0
0,1,4,13,8,8,0,144.0,432.0,0
0,1,3,13,8,8,0,112.0,432.0,0
0,0,4,12,8,8,0,144.0,400.0,0
0,1,3,13,8,8,0,112.0,432.0,0
0,1,3,12,8,8,0,112.0,400.0,0
0,1,3,11,8,8,0,112.0,368.0,0
0,1,4,11,8,8,0,144.0,368.0,0
0,1,5,11,8,8,0,176.0,368.0,0
0,1,5,12,8,8,0,176.0,400.0,0
0,1,5,13,8,8,0,176.0,432.0,0
0,1,4,13,8,8,0,144.0,432.0,0
0,0,5,12,8,8,0,176.0,400.0,0
0,1,4,13,8,8,0,144.0,432.0,0
0,1,4,12,8,8,0,144.0,400.0,0
0,1,4,11,8,8,0,144.0,368.0,0
0,1,5,11,8,8,0,176.0,368.0,0
0,1,6,11,8,8,0,208.0,368.0,0
0,1,6,12,8,8,0,208.0,400.0,0
0,1,6,13,8,8,0,208.0,432.0,0
0,1,5,13,8,8,0,176.0,432.0,0
0,0,6,12,8,8,0,208.0,400.0,0
0,1,5,13,8,8,0,176.0,432.0,0
0,1,5,12,8,8,0,176.0,400.0,0
0,1,5,11,8,8,0,176.0,368.0,0
0,1,6,11,8,8,0,208.0,368.0,0
0,1,7,11,8,8,0,240.0,368.0,0
0,1,7,12,8,8,0,240.0,400.0,0
0,1,7,13,8,8,0,240.0,432.0,0
0,1,6,13,8,8,0,208.0,432.0,0
0,0,7,12,8,8,0,240.0,400.0,0
0,1,6,13,8,8,0,208.0,432.0,0
0,1,6,12,8,8,0,208.0,400.0,0
0,1,6,11,8,8,0,208.0,368.0,0
0,1,7,11,8,8,0,240.0,368.0,0
0,1,8,11,8,8,0,272.0,368.0,0
0,1,8,12,8,8,0,272.0,400.0,0
0,1,8,13,8,8,0,272.0,432.0,0
0,1,7,13,8,8,0,240.0,432.0,0
0,0,8,12,8,8,0,272.0,400.0,0
0,1,7,13,8,8,0,240.0,432.0,0
0,1,7,12,8,8,0,240.0,400.0,0
0,1,7,11,8,8,0,240.0,368.0,0
0,1,8,11,8,8,0,272.0,368.0,0
0,1,9,11,8,8,0,304.0,368.0,0
0,1,9,12,8,8,0,304.0,400.0,0
0,1,9,13,8,8,0,304.0,432.0,0
0,1,8,13,8,8,0,272.0,432.0,0
0,0,9,12,8,8,0,304.0,400.0,0
0,1,8,13,8,8,0,272.0,432.0,0
0,1,8,12,8,8,0,272.0,400.0,0
0,1,8,11,8,8,0,272.0,368.0,0
0,1,9,11,8,8,0,304.0,368.0,0
0,1,10,11,8,8,0,336.0,368.0,0
0,1,10,12,8,8,0,336.0,400.0,0
0,1,10,13,8,8,0,336.0,432.0,0
0,1,9,13,8,8,0,304.0,432.0,0
0,0,10,12,8,8,0,336.0,400.0,0
0,1,9,13,8,8,0,304.0,432.0,0
0,1,9,12,8,8,0,304.0,400.0,0
0,1,9,11,8,8,0,304.0,368.0,0
0,1,10,11,8,8,0,336.0,368.0,0
0,1,11,11,8,8,0,368.0,368.0,0
0,1,11,12,8,8,0,368.0,400.0,0
0,1,11,13,8,8,0,368.0,432.0,0
0,1,10,13,8,8,0,336.0,432.0,0
0,0,11,12,8,8,0,368.0,400.0,0
0,1,10,13,8,8,0,336.0,432.0,0
0,1,10,12,8,8,0,336.0,400.0,0
0,1,10,11,8,8,0,336.0,368.0,0
0,1,11,11,8,8,0,368.0,368.0,0
0,1,12,11,8,8,0,400.0,368.0,0
0,1,12,12,8,8,0,400.0,400.0,0
0,1,12,13,8,8,0,400.0,432.0,0
0,1,11,13,8,8,0,368.0,432.0,0
0,0,12,12,8,8,0,400.0,400.0,0
0,1,11,13,8,8,0,368.0,432.0,0
0,1,11,12,8,8,0,368.0,400.0,0
0,1,11,11,8,8,0,368.0,368.0,0
0,1,12,11,8,8,0,400.0,368.0,0
0,1,13,11,8,8,0,432.0,368.0,0
0,1,13,12,8,8,0,432.0,400.0,0
0,1,13,13,8,8,0,432.0,432.0,0
0,1,12,13,8,8,0,400.0,432.0,0
0,0,13,12,8,8,0,432.0,400.0,0
0,1,12,13,8,8,0,400.0,432.0,0
0,1,12,12,8,8,0,400.0,400.0,0
0,1,12,11,8,8,0,400.0,368.0,0
0,1,13,11,8,8,0,432.0,368.0,0
0,1,14,11,8,8,0,464.0,368.0,0
0,1,14,12,8,8,0,464.0,400.0,0
0,1,14,13,8,8,0,464.0,432.0,0
0,1,13,13,8,8,0,432.0,432.0,0
0,0,14,12,8,8,0,464.0,400.0,0
0,1,13,13,8,8,0,432.0,432.0,0
0,1,13,12,8,8,0,432.0,400.0,0
0,1,13,11,8,8,0,432.0,368.0,0
0,1,14,11,8,8,0,464.0,368.0,0
0,1,15,11,8,8,0,496.0,368.0,0
0,1,15,12,8,8,0,496.0,400.0,0
0,1,15,13,8,8,0,496.0,432.0,0
0,1,14,13,8,8,0,464.0,432.0,0
0,0,15,12,8,8,0,496.0,400.0,0
0,1,14,13,8,8,0,464.0,432.0,0
0,1,14,12,8,8,0,464.0,400.0,0
0,1,14,11,8,8,0,464.0,368.0,0
0,1,15,11,8,8,0,496.0,368.0,0
1,1,0,0,0,0,0,0,0,0
1,1,0,0,0,0,0,0,0,0
1,1,0,0,0,0,0,0,0,0
0,1,15,13,8,8,0,496.0,432.0,0
0,0,0,13,8,8,0,16.0,432.0,0
1,1,0,0,0,0,0,0,0,0
1,1,0,0,0,0,0,0,0,0
1,1,0,0,0,0,0,0,0,0
0,1,0,12,8,8,0,16.0,400.0,0
0,1,1,12,8,8,0,48.0,400.0,0
0,1,1,13,8,8,0,48.0,432.0,0
0,1,1,14,8,8,0,48.0,464.0,0
0,1,0,14,8,8,0,16.0,464.0,0
0,0,1,13,8,8,0,48.0,432.0,0
0,1,0,14,8,8,0,16.0,464.0,0
0,1,0,13,8,8,0,16.0,432.0,0
0,1,0,12,8,8,0,16.0,400.0,0
0,1,1,12,8,8,0,48.0,400.0,0
0,1,2,12,8,8,0,80.0,400.0,0
0,1,2,13,8,8,0,80.0,432.0,0
0,1,2,14,8,8,0,80.0,464.0,0
0,1,1,14,8,8,0,48.0,464.0,0
0,0,2,13,8,8,0,80.0,432.0,0
0,1,1,14,8,8,0,48.0,464.0,0
0,1,1,13,8,8,0,48.0,432.0,0
0,1,1,12,8,8,0,48.0,400.0,0
0,1,2,12,8,8,0,80.0,400.0,0
0,1,3,12,8,8,0,112.0,400.0,0
0,1,3,13,8,8,0,112.0,432.0,0
0,1,3,14,8,8,0,112.0,464.0,0
0,1,2,14,8,8,0,80.0,464.0,0
0,0,3,13,8,8,0,112.0,432.0,0
0,1,2,14,8,8,0,80.0,464.0,0
0,1,2,13,8,8,0,80.0,432.0,0
0,1,2,12,8,8,0,80.0,400.0,0
0,1,3,12,8,8,0,112.0,400.0,0
0,1,4,12,8,8,0,144.0,400.0,0
0,1,4,13,8,8,0,144.0,432.0,0
0,1,4,14,8,8,0,144.0,464.0,0
0,1,3,14,8,8,0,112.0,464.0,0
0,0,4,13,8,8,0,144.0,432.0,0
0,1,3,14,8,8,0,112.0,464.0,0
0,1,3,13,8,8,0,112.0,432.0,0
0,1,3,12,8,8,0,112.0,400.0,0
0,1,4,12,8,8,0,144.0,400.0,0
0,1,5,12,8,8,0,176.0,400.0,0
0,1,5,13,8,8,0,176.0,432.0,0
0,1,5,14,8,8,0,176.0,464.0,0
0,1,4,14,8,8,0,144.0,464.0,0
0,0,5,13,8,8,0,176.0,432.0,0
0,1,4,14,8,8,0,144.0,464.0,0
0,1,4,13,8,8,0,144.0,432.0,0
0,1,4,12,8,8,0,144.0,400.0,0
0,1,5,12,8,8,0,176.0,400.0,0
0,1,6,12,8,8,0,208.0,400.0,0
0,1,6,13,8,8,0,208.0,432.0,0
0,1,6,14,8,8,0,208.0,464.0,0
0,1,5,14,8,8,0,176.0,464.0,0
0,0,6,13,8,8,0,208.0,432.0,0
0,1,5,14,8,8,0,176.0,464.0,0
0,1,5,13,8,8,0,176.0,432.0,0
0,1,5,12,8,8,0,176.0,400.0,0
0,1,6,12,8,8,0,208.0,400.0,0
0,1,7,12,8,8,0,240.0,400.0,0
0,1,7,13,8,8,0,240.0,432.0,0
0,1,7,14,8,8,0,240.0,464.0,0
0,1,6,14,8,8,0,208.0,464.0,0
0,0,7,13,8,8,0,240.0,432.0,0
0,1,6,14,8,8,0,208.0,464.0,0
0,1,6,13,8,8,0,208.0,432.0,0
0,1,6,12,8,8,0,208.0,400.0,0
0,1,7,12,8,8,0,240.0,400.0,0
0,1,8,12,8,8,0,272.0,400.0,0
0,1,8,13,8,8,0,272.0,432.0,0
0,1,8,14,8,8,0,272.0,464.0,0
0,1,7,14,8,8,0,240.0,464.0,0
0,0,8,13,8,8,0,272.0,432.0,0
0,1,7,14,8,8,0,240.0,464.0,0
0,1,7,13,8,8,0,240.0,432.0,0
0,1,7,12,8,8,0,240.0,400.0,0
0,1,8,12,8,8,0,272.0,400.0,0
0,1,9,12,8,8,0,304.0,400.0,0
0,1,9,13,8,8,0,304.0,432.0,0
0,1,9,14,8,8,0,304.0,464.0,0
0,1,8,14,8,8,0,272.0,464.0,0
0,0,9,13,8,8,0,304.0,432.0,0
0,1,8,14,8,8,0,272.0,464.0,0
0,1,8,13,8,8,0,272.0,432.0,0
0,1,8,12,8,8,0,272.0,400.0,0
0,1,9,12,8,8,0,304.0,400.0,0
0,1,10,12,8,8,0,336.0,400.0,0
0,1,10,13,8,8,0,336.0,432.0,0
0,1,10,14,8,8,0,336.0,464.0,0
0,1,9,14,8,8,0,304.0,464.0,0
0,0,10,13,8,8,0,336.0,432.0,0
0,1,9,14,8,8,0,304.0,464.0,0
0,1,9,13,8,8,0,304.0,432.0,0
0,1,9,12,8,8,0,304.0,400.0,0
0,1,10,12,8,8,0,336.0,400.0,0
0,1,11,12,8,8,0,368.0,400.0,0
0,1,11,13,8,8,0,368.0,432.0,0
0,1,11,14,8,8,0,368.0,464.0,0
0,1,10,14,8,8,0,336.0,464.0,0
0,0,11,13,8,8,0,368.0,432.0,0
0,1,10,14,8,8,0,336.0,464.0,0
0,1,10,13,8,8,0,336.0,432.0,0
0,1,10,12,8,8,0,336.0,400.0,0
0,1,11,12,8,8,0,368.0,400.0,0
0,1,12,12,8,8,0,400.0,400.0,0
0,1,12,13,8,8,0,400.0,432.0,0
0,1,12,14,8,8,0,400.0,464.0,0
0,1,11,14,8,8,0,368.0,464.0,0
0,0,12,13,8,8,0,400.0,432.0,0
0,1,11,14,8,8,0,368.0,464.0,0
0,1,11,13,8,8,0,368.0,432.0,0
0,1,11,12,8,8,0,368.0,400.0,0
0,1,12,12,8,8,0,400.0,400.0,0
0,1,13,12,8,8,0,432.0,400.0,0
0,1,13,13,8,8,0,432.0,432.0,0
0,1,13,14,8,8,0,432.0,464.0,0
0,1,12,14,8,8,0,400.0,464.0,0
0,0,13,13,8,8,0,432.0,432.0,0
0,1,12,14,8,8,0,400.0,464.0,0
0,1,12,13,8,8,0,400.0,432.0,0
0,1,12,12,8,8,0,400.0,400.0,0
0,1,13,12,8,8,0,432.0,400.0,0
0,1,14,12,8,8,0,464.0,400.0,0
0,1,14,13,8,8,0,464.0,432.0,0
0,1,14,14,8,8,0,464.0,464.0,0
0,1,13,14,8,8,0,432.0,464.0,0
0,0,14,13,8,8,0,464.0,432.0,0
0,1,13,14,8,8,0,432.0,464.0,0
0,1,13,13,8,8,0,432.0,432.0,0
0,1,13,12,8,8,0,432.0,400.0,0
0,1,14,12,8,8,0,464.0,400.0,0
0,1,15,12,8,8,0,496.0,400.0,0
0,1,15,13,8,8,0,496.0,432.0,0
0,1,15,14,8,8,0,496.0,464.0,0
0,1,14,14,8,8,0,464.0,464.0,0
0,0,15,13,8,8,0,496.0,432.0,0
0,1,14,14,8,8,0,464.0,464.0,0
0,1,14,13,8,8,0,464.0,432.0,0
0,1,14,12,8,8,0,464.0,400.0,0
0,1,15,12,8,8,0,496.0,400.0,0
1,1,0,0,0,0,0,0,0,0
1,1,0,0,0,0,0,0,0,0
1,1,0,0,0,0,0,0,0,0
0,1,15,14,8,8,0,496.0,464.0,0
0,0,0,14,8,8,0,16.0,464.0,0
1,1,0,0,0,0,0,0,0,0
1,1,0,0,0,0,0,0,0,0
1,1,0,0,0,0,0,0,0,0
0,1,0,13,8,8,0,16.0,432.0,0
0,1,1,13,8,8,0,48.0,432.0,0
0,1,1,14,8,8,0,48.0,464.0,0
0,1,1,15,8,8,0,48.0,496.0,0
0,1,0,15,8,8,0,16.0,496.0,0
0,0,1,14,8,8,0,48.0,464.0,0
0,1,0,15,8,8,0,16.0,496.0,0
0,1,0,14,8,8,0,16.0,464.0,0
0,1,0,13,8,8,0,16.0,432.0,0
0,1,1,13,8,8,0,48.0,432.0,0
0,1,2,13,8,8,0,80.0,432.0,0
0,1,2,14,8,8,0,80.0,464.0,0
0,1,2,15,8,8,0,80.0,496.0,0
0,1,1,15,8,8,0,48.0,496.0,0
0,0,2,14,8,8,0,80.0,464.0,0
0,1,1,15,8,8,0,48.0,496.0,0
0,1,1,14,8,8,0,48.0,464.0,0
0,1,1,13,8,8,0,48.0,432.0,0
0,1,2,13,8,8,0,80.0,432.0,0
0,1,3,13,8,8,0,112.0,432.0,0
0,1,3,14,8,8,0,112.0,464.0,0
0,1,3,15,8,8,0,112.0,496.0,0
0,1,2,15,8,8,0,80.0,496.0,0
0,0,3,14,8,8,0,112.0,464.0,0
0,1,2,15,8,8,0,80.0,496.0,0
0,1,2,14,8,8,0,80.0,464.0,0
0,1,2,13,8,8,0,80.0,432.0,0
0,1,3,13,8,8,0,112.0,432.0,0
0,1,4,13,8,8,0,144.0,432.0,0
0,1,4,14,8,8,0,144.0,464.0,0
0,1,4,15,8,8,0,144.0,496.0,0
0,1,3,15,8,8,0,112.0,496.0,0
0,0,4,14,8,8,0,144.0,464.0,0
0,1,3,15,8,8,0,112.0,496.0,0
0,1,3,14,8,8,0,112.0,464.0,0
0,1,3,13,8,8,0,112.0,432.0,0
0,1,4,13,8,8,0,144.0,432.0,0
0,1,5,13,8,8,0,176.0,432.0,0
0,1,5,14,8,8,0,176.0,464.0,0
0,1,5,15,8,8,0,176.0,496.0,0
0,1,4,15,8,8,0,144.0,496.0,0
0,0,5,14,8,8,0,176.0,464.0,0
0,1,4,15,8,8,0,144.0,496.0,0
0,1,4,14,8,8,0,144.0,464.0,0
0,1,4,13,8,8,0,144.0,432.0,0
0,1,5,13,8,8,0,176.0,432.0,0
0,1,6,13,8,8,0,208.0,432.0,0
0,1,6,14,8,8,0,208.0,464.0,0
0,1,6,15,8,8,0,208.0,496.0,0
0,1,5,15,8,8,0,176.0,496.0,0
0,0,6,14,8,8,0,208.0,464.0,0
0,1,5,15,8,8,0,176.0,496.0,0
0,1,5,14,8,8,0,176.0,464.0,0
0,1,5,13,8,8,0,176.0,432.0,0
0,1,6,13,8,8,0,208.0,432.0,0
0,1,7,13,8,8,0,240.0,432.0,0
0,1,7,14,8,8,0,240.0,464.0,0
0,1,7,15,8,8,0,240.0,496.0,0
0,1,6,15,8,8,0,208.0,496.0,0
0,0,7,14,8,8,0,240.0,464.0,0
0,1,6,15,8,8,0,208.0,496.0,0
0,1,6,14,8,8,0,208.0,464.0,0
0,1,6,13,8,8,0,208.0,432.0,0
0,1,7,13,8,8,0,240.0,432.0,0
0,1,8,13,8,8,0,272.0,432.0,0
0,1,8,14,8,8,0,272.0,464.0,0
0,1,8,15,8,8,0,272.0,496.0,0
0,1,7,15,8,8,0,240.0,496.0,0
0,0,8,14,8,8,0,272.0,464.0,0
0,1,7,15,8,8,0,240.0,496.0,0
0,1,7,14,8,8,0,240.0,464.0,0
0,1,7,13,8,8,0,240.0,432.0,0
0,1,8,13,8,8,0,272.0,432.0,0
0,1,9,13,8,8,0,304.0,432.0,0
0,1,9,14,8,8,0,304.0,464.0,0
0,1,9,15,8,8,0,304.0,496.0,0
0,1,8,15,8,8,0,272.0,496.0,0
0,0,9,14,8,8,0,304.0,464.0,0
0,1,8,15,8,8,0,272.0,496.0,0
0,1,8,14,8,8,0,272.0,464.0,0
0,1,8,13,8,8,0,272.0,432.0,0
0,1,9,13,8,8,0,304.0,432.0,0
0,1,10,13,8,8,0,336.0,432.0,0
0,1,10,14,8,8,0,336.0,464.0,0
0,1,10,15,8,8,0,336.0,496.0,0
0,1,9,15,8,8,0,304.0,496.0,0
0,0,10,14,8,8,0,336.0,464.0,0
0,1,9,15,8,8,0,304.0,496.0,0
0,1,9,14,8,8,0,304.0,464.0,0
0,1,9,13,8,8,0,304.0,432.0,0
0,1,10,13,8,8,0,336.0,432.0,0
0,1,11,13,8,8,0,368.0,432.0,0
0,1,11,14,8,8,0,368.0,464.0,0
0,1,11,15,8,8,0,368.0,496.0,0
0,1,10,15,8,8,0,336.0,496.0,0
0,0,11,14,8,8,0,368.0,464.0,0
0,1,10,15,8,8,0,336.0,496.0,0
0,1,10,14,8,8,0,336.0,464.0,0
0,1,10,13,8,8,0,336.0,432.0,0
0,1,11,13,8,8,0,368.0,432.0,0
0,1,12,13,8,8,0,400.0,432.0,0
0,1,12,14,8,8,0,400.0,464.0,0
0,1,12,15,8,8,0,400.0,496.0,0
0,1,11,15,8,8,0,368.0,496.0,0
0,0,12,14,8,8,0,400.0,464.0,0
0,1,11,15,8,8,0,368.0,496.0,0
0,1,11,14,8,8,0,368.0,464.0,0
0,1,11,13,8,8,0,368.0,432.0,0
0,1,12,13,8,8,0,400.0,432.0,0
0,1,13,13,8,8,0,432.0,432.0,0
0,1,13,14,8,8,0,432.0,464.0,0
0,1,13,15,8,8,0,432.0,496.0,0
0,1,12,15,8,8,0,400.0,496.0,0
0,0,13,14,8,8,0,432.0,464.0,0
0,1,12,15,8,8,0,400.0,496.0,0
0,1,12,14,8,8,0,400.0,464.0,0
0,1,12,13,8,8,0,400.0,432.0,0
0,1,13,13,8,8,0,432.0,432.0,0
0,1,14,13,8,8,0,464.0,432.0,0
0,1,14,14,8,8,0,464.0,464.0,0
0,1,14,15,8,8,0,464.0,496.0,0
0,1,13,15,8,8,0,432.0,496.0,0
0,0,14,14,8,8,0,464.0,464.0,0
0,1,13,15,8,8,0,432.0,496.0,0
0,1,13,14,8,8,0,432.0,464.0,0
0,1,13,13,8,8,0,432.0,432.0,0
0,1,14,13,8,8,0,464.0,432.0,0
0,1,15,13,8,8,0,496.0,432.0,0
0,1,15,14,8,8,0,496.0,464.0,0
0,1,15,15,8,8,0,496.0,496.0,0
0,1,14,15,8,8,0,464.0,496.0,0
0,0,15,14,8,8,0,496.0,464.0,0
0,1,14,15,8,8,0,464.0,496.0,0
0,1,14,14,8,8,0,464.0,464.0,0
0,1,14,13,8,8,0,464.0,432.0,0
0,1,15,13,8,8,0,496.0,432.0,0
1,1,0,0,0,0,0,0,0,0
1,1,0,0,0,0,0,0,0,0
1,1,0,0,0,0,0,0,0,0
0,1,15,15,8,8,0,496.0,496.0,0
0,0,0,15,8,8,0,16.0,496.0,0
1,1,0,0,0,0,0,0,0,0
1,1,0,0,0,0,0,0,0,0
1,1,0,0,0,0,0,0,0,0
0,1,0,14,8,8,0,16.0,464.0,0
0,1,1,14,8,8,0,48.0,464.0,0
0,1,1,15,8,8,0,48.0,496.0,0
1,1,0,0,0,0,0,0,0,0
1,1,0,0,0,0,0,0,0,0
0,0,1,15,8,8,0,48.0,496.0,0
1,1,0,0,0,0,0,0,0,0
0,1,0,15,8,8,0,16.0,496.0,0
0,1,0,14,8,8,0,16.0,464.0,0
0,1,1,14,8,8,0,48.0,464.0,0
0,1,2,14,8,8,0,80.0,464.0,0
0,1,2,15,8,8,0,80.0,496.0,0
1,1,0,0,0,0,0,0,0,0
1,1,0,0,0,0,0,0,0,0
0,0,2,15,8,8,0,80.0,496.0,0
1,1,0,0,0,0,0,0,0,0
0,1,1,15,8,8,0,48.0,496.0,0
0,1,1,14,8,8,0,48.0,464.0,0
0,1,2,14,8,8,0,80.0,464.0,0
0,1,3,14,8,8,0,112.0,464.0,0
0,1,3,15,8,8,0,112.0,496.0,0
1,1,0,0,0,0,0,0,0,0
1,1,0,0,0,0,0,0,0,0
0,0,3,15,8,8,0,112.0,496.0,0
1,1,0,0,0,0,0,0,0,0
0,1,2,15,8,8,0,80.0,496.0,0
0,1,2,14,8,8,0,80.0,464.0,0
0,1,3,14,8,8,0,112.0,464.0,0
0,1,4,14,8,8,0,144.0,464.0,0
0,1,4,15,8,8,0,144.0,496.0,0
1,1,0,0,0,0,0,0,0,0
1,1,0,0,0,0,0,0,0,0
0,0,4,15,8,8,0,144.0,496.0,0
1,1,0,0,0,0,0,0,0,0
0,1,3,15,8,8,0,112.0,496.0,0
0,1,3,14,8,8,0,112.0,464.0,0
0,1,4,14,8,8,0,144.0,464.0,0
0,1,5,14,8,8,0,176.0,464.0,0
0,1,5,15,8,8,0,176.0,496.0,0
1,1,0,0,0,0,0,0,0,0
1,1,0,0,0,0,0,0,0,0
0,0,5,15,8,8,0,176.0,496.0,0
1,1,0,0,0,0,0,0,0,0
0,1,4,15,8,8,0,144.0,496.0,0
0,1,4,14,8,8,0,144.0,464.0,0
0,1,5,14,8,8,0,176.0,464.0,0
0,1,6,14,8,8,0,208.0,464.0,0
0,1,6,15,8,8,0,208.0,496.0,0
1,1,0,0,0,0,0,0,0,0
1,1,0,0,0,0,0,0,0,0
0,0,6,15,8,8,0,208.0,496.0,0
1,1,0,0,0,0,0,0,0,0
0,1,5,15,8,8,0,176.0,496.0,0
0,1,5,14,8,8,0,176.0,464.0,0
0,1,6,14,8,8,0,208.0,464.0,0
0,1,7,14,8,8,0,240.0,464.0,0
0,1,7,15,8,8,0,240.0,496.0,0
1,1,0,0,0,0,0,0,0,0
1,1,0,0,0,0,0,0,0,0
0,0,7,15,8,8,0,240.0,496.0,0
1,1,0,0,0,0,0,0,0,0
0,1,6,15,8,8,0,208.0,496.0,0
0,1,6,14,8,8,0,208.0,464.0,0
0,1,7,14,8,8,0,240.0,464.0,0
0,1,8,14,8,8,0,272.0,464.0,0
0,1,8,15,8,8,0,272.0,496.0,0
1,1,0,0,0,0,0,0,0,0
1,1,0,0,0,0,0,0,0,0
0,0,8,15,8,8,0,272.0,496.0,0
1,1,0,0,0,0,0,0,0,0
0,1,7,15,8,8,0,240.0,496.0,0
0,1,7,14,8,8,0,240.0,464.0,0
0,1,8,14,8,8,0,272.0,464.0,0
0,1,9,14,8,8,0,304.0,464.0,0
0,1,9,15,8,8,0,304.0,496.0,0
1,1,0,0,0,0,0,0,0,0
1,1,0,0,0,0,0,0,0,0
0,0,9,15,8,8,0,304.0,496.0,0
1,1,0,0,0,0,0,0,0,0
0,1,8,15,8,8,0,272.0,496.0,0
0,1,8,14,8,8,0,272.0,464.0,0
0,1,9,14,8,8,0,304.0,464.0,0
0,1,10,14,8,8,0,336.0,464.0,0
0,1,10,15,8,8,0,336.0,496.0,0
1,1,0,0,0,0,0,0,0,0
1,1,0,0,0,0,0,0,0,0
0,0,10,15,8,8,0,336.0,496.0,0
1,1,0,0,0,0,0,0,0,0
0,1,9,15,8,8,0,304.0,496.0,0
0,1,9,14,8,8,0,304.0,464.0,0
0,1,10,14,8,8,0,336.0,464.0,0
0,1,11,14,8,8,0,368.0,464.0,0
0,1,11,15,8,8,0,368.0,496.0,0
1,1,0,0,0,0,0,0,0,0
1,1,0,0,0,0,0,0,0,0
0,0,11,15,8,8,0,368.0,496.0,0
1,1,0,0,0,0,0,0,0,0
0,1,10,15,8,8,0,336.0,496.0,0
0,1,10,14,8,8,0,336.0,464.0,0
0,1,11,14,8,8,0,368.0,464.0,0
0,1,12,14,8,8,0,400.0,464.0,0
0,1,12,15,8,8,0,400.0,496.0,0
1,1,0,0,0,0,0,0,0,0
1,1,0,0,0,0,0,0,0,0
0,0,12,15,8,8,0,400.0,496.0,0
1,1,0,0,0,0,0,0,0,0
0,1,11,15,8,8,0,368.0,496.0,0
0,1,11,14,8,8,0,368.0,464.0,0
0,1,12,14,8,8,0,400.0,464.0,0
0,1,13,14,8,8,0,432.0,464.0,0
0,1,13,15,8,8,0,432.0,496.0,0
1,1,0,0,0,0,0,0,0,0
1,1,0,0,0,0,0,0,0,0
0,0,13,15,8,8,0,432.0,496.0,0
1,1,0,0,0,0,0,0,0,0
0,1,12,15,8,8,0,400.0,496.0,0
0,1,12,14,8,8,0,400.0,464.0,0
0,1,13,14,8,8,0,432.0,464.0,0
0,1,14,14,8,8,0,464.0,464.0,0
0,1,14,15,8,8,0,464.0,496.0,0
1,1,0,0,0,0,0,0,0,0
1,1,0,0,0,0,0,0,0,0
0,0,14,15,8,8,0,464.0,496.0,0
1,1,0,0,0,0,0,0,0,0
0,1,13,15,8,8,0,432.0,496.0,0
0,1,13,14,8,8,0,432.0,464.0,0
0,1,14,14,8,8,0,464.0,464.0,0
0,1,15,14,8,8,0,496.0,464.0,0
0,1,15,15,8,8,0,496.0,496.0,0
1,1,0,0,0,0,0,0,0,0
1,1,0,0,0,0,0,0,0,0
0,0,15,15,8,8,0,496.0,496.0,0
1,1,0,0,0,0,0,0,0,0
0,1,14,15,8,8,0,464.0,496.0,0
0,1,14,14,8,8,0,464.0,464.0,0
0,1,15,14,8,8,0,496.0,464.0,0
1,1,0,0,0,0,0,0,0,0
1,1,0,0,0,0,0,0,0,0
1,1,0,0,0,0,0,0,0,0
1,1,0,0,0,0,0,0,0,0
